green,red,IR,acc_x,acc_y,acc_z,sample_index
19905,151883,86368,-2.177468566,8.2289169214,4.9603212498,1
19928,151922,86386,-2.2325034857999997,8.293523131599999,4.977071008,2
19852,151942,86400,-2.213360905,8.3174513576,4.8263231842,3
19979,151947,86400,-2.2360927197000002,8.3007015994,4.8981078622,4
20003,151991,86383,-2.1667008643,8.2863446638,4.8071806034,5
20035,151989,86410,-2.1858434451,8.3282190593,4.9974100001,6
20064,152011,86398,-2.1930219129,8.4311104311,4.857429878,7
20079,151997,86416,-2.3425733254,8.4382888989,4.8825545153,8
20034,151971,86385,-2.297109696,8.3222370028,4.9148576204,9
19932,151929,86383,-2.3054845751,8.2372918005,4.788038022599999,10
19835,151744,86372,-2.3353948576,8.338986761000001,4.9543391933,11
19783,151880,86396,-2.2360927197000002,8.3724862774,4.9220360882000005,12
19776,151794,86373,-2.2755742926,8.3700934548,4.883750926599999,13
19746,151753,86359,-2.3306092124,8.254041558700001,4.8945186283,14
19760,151755,86361,-2.2648065909,8.419146318100001,4.7425743932,15
19786,151716,86348,-2.2384855423,8.4861453509,4.8705904022999995,16
19783,151754,86352,-2.2217357841,8.4335032537,4.9040899186999996,17
19799,151723,86329,-2.416750826,8.4000037373,4.7868416113,18
19798,151626,86344,-2.4143580034,8.3138621237,4.9316073786,19
19724,151752,86341,-2.3425733254,8.3282190593,4.8909293944,20
19815,151708,86334,-2.3258235672,8.25523797,4.8861437492,21
19826,151741,86330,-2.404786713,8.2109707519,4.8717868136,22
19860,151747,86340,-2.2923240508,8.4071822051,4.9088755639,23
19872,151766,86344,-2.2827527603999997,8.417949906799999,4.8777688701,24
19887,151704,86353,-2.2959132847,8.422735552,4.7952164904,25
19794,151777,86331,-2.4119651808,8.262416437799999,4.8610191119,26
19762,151747,86333,-2.3138594542,8.2995051881,4.8311088294,27
19644,151663,86305,-2.4179472373,8.2337025666,4.857429878,28
19556,151630,86308,-2.3389840915,8.2695949056,4.8514478215,29
19522,151542,86294,-2.309073809,8.2707913169,4.869393991,30
19500,151577,86295,-2.3138594542,8.4993058752,4.869393991,31
19516,151530,86291,-2.3808584870000002,8.4442709554,4.8311088294,32
19532,151558,86280,-2.2241286067,8.294719542900001,4.9160540317,33
19614,151577,86282,-2.3988046565,8.3114693011,4.8670011684,34
19578,151549,86291,-2.3078773977,8.3533436966,4.8897329831,35
19579,151594,86296,-2.3102702203,8.3820575678,4.9208396769,36
19647,151595,86276,-2.3306092124,8.4406817215,4.9016970961,37
19617,151591,86296,-2.3748764305,8.2612200265,4.869393991,38
19634,151620,86290,-2.3282163898,8.3437724062,4.850251410199999,39
19666,151636,86293,-2.4562323989,8.3665042209,4.893322217,40
19697,151634,86299,-2.3114666316,8.3904324469,4.9076791526,41
19728,151698,86287,-2.2480568327,8.3964145034,4.773681087,42
19734,151644,86305,-2.3318056236999998,8.3700934548,4.8000021356,43
19619,151648,86305,-2.2648065909,8.3342011158,4.8263231842,44
19576,151634,86274,-2.3485553819,8.417949906799999,4.893322217,45
19559,151602,86283,-2.3030917525,8.360522164399999,4.8765724588,46
19492,151539,86295,-2.4346969955,8.352147285300001,4.8406801198,47
19502,151526,86282,-2.1990039694,8.362914987,4.8717868136,48
19527,151592,86266,-2.3485553819,8.3712898661,4.833501652,49
19575,151572,86282,-2.4825534475,8.4311104311,4.7473600384,50
19622,151562,86285,-2.321037922,8.3413795836,4.8681975797,51
19610,151613,86286,-2.4502503424,8.231309744,4.8071806034,52
19696,151649,86285,-2.3748764305,8.281559018600001,4.850251410199999,53
19719,151679,86288,-2.3916261887,8.3365939384,4.845465765,54
19785,151733,86295,-2.2683958248,8.2863446638,4.9148576204,55
19802,151720,86315,-2.2109680824,8.4203427294,4.9399822577,56
19833,151802,86308,-2.3952154226,8.422735552,4.9806602419,57
19886,151779,86309,-2.3760728418,8.303094422,4.7796631435,58
19917,151840,86322,-2.404786713,8.3569329305,4.8670011684,59
19974,151930,86346,-2.3377876802,8.4729848266,4.7413779819,60
19980,151891,86345,-2.3665015514,8.3318082932,4.8311088294,61
19942,151875,86328,-2.5627130046,8.3784683339,4.8239303616,62
19876,151872,86331,-2.2839491717,8.2887374864,4.8741796362,63
19898,151870,86318,-2.3784656644,8.4370924876,4.9220360882000005,64
19873,151856,86321,-2.3880369548,8.2923267203,4.8969114509,65
19922,151895,86330,-2.3174486881,8.3126657124,4.8550370553999995,66
19961,151890,86344,-2.3341984463,8.2899338977,4.8586262893,67
19885,151913,86350,-2.3353948576,8.3007015994,4.809573426,68
20028,151924,86319,-2.4478575198,8.3377903497,4.8047877808,69
20080,151986,86324,-2.3593230836,8.25523797,4.8526442328,70
20100,151977,86348,-2.2695922361,8.3246298254,4.878965281399999,71
20149,152047,86359,-2.3760728418,8.2983087768,4.8717868136,72
20176,152017,86364,-2.3976082452,8.1978102276,4.917250443,73
20219,152048,86357,-2.2887348169,8.2743805508,4.8777688701,74
20159,152135,86368,-2.3282163898,8.3653078096,4.8071806034,75
20306,152137,86379,-2.3006989299,8.3880396243,4.8263231842,76
20355,152203,86395,-2.3138594542,8.3306118819,4.850251410199999,77
20409,152242,86385,-2.3066809864,8.4813597057,4.9591248385,78
20437,152280,86406,-2.2181465501999997,8.3342011158,4.8466621763,79
20453,152298,86395,-2.4346969955,8.25523797,4.8825545153,80
20419,152250,86395,-2.2935204621,8.293523131599999,4.8143590712,81
20366,152242,86398,-2.3150558654999998,8.2695949056,4.9316073786,82
20350,152186,86406,-2.1750757434,8.3437724062,4.881358104,83
20335,152266,86397,-2.4203400599,8.2456666796,4.8526442328,84
20382,152328,86403,-2.3832513096,8.4370924876,4.881358104,85
20305,152332,86427,-2.2983061073,8.291130309,4.9208396769,86
20424,152367,86423,-2.2588245344,8.2887374864,4.9100719752,87
20484,152342,86419,-2.321037922,8.3449688175,4.8047877808,88
20502,152367,86446,-2.2947168733999996,8.271987728200001,4.8526442328,89
20539,152404,86424,-2.3377876802,8.219345631,4.8921258057,90
20556,152423,86450,-2.297109696,8.3593257531,4.9328037898999995,91
20587,152461,86445,-2.3042881638,8.3126657124,4.8897329831,92
20612,152472,86454,-2.3401805028,8.3102728898,4.833501652,93
20685,152569,86451,-2.2636101795999997,8.3007015994,4.9136612091,94
20671,152528,86450,-2.2456640101,8.4287176085,4.9076791526,95
20701,152492,86462,-2.2396819536,8.419146318100001,4.8646083458,96
20709,152616,86473,-2.2576281231,8.3880396243,4.8670011684,97
20765,152618,86493,-2.1966111468,8.4526458345,4.9686961289000005,98
20808,152668,86473,-2.2109680824,8.3748791,4.8263231842,99
20795,152545,86473,-2.3018953412000003,8.3844503904,4.8969114509,100
20704,152622,86472,-2.3042881638,8.315058535,4.9399822577,101
20598,152525,86469,-2.4490539311,8.3760755113,4.8945186283,102
20608,152502,86470,-2.2002003807,8.3653078096,4.9124647978,103
20558,152489,86452,-2.1966111468,8.3533436966,4.869393991,104
20533,152524,86465,-2.1284157027,8.293523131599999,4.9184468543,105
20525,152528,86452,-2.2277178406,8.3808611565,4.809573426,106
20536,152549,86453,-2.3940190112999997,8.4311104311,4.893322217,107
20540,152536,86460,-2.3700907853,8.291130309,4.833501652,108
20536,152558,86455,-2.2217357841,8.3844503904,4.9220360882000005,109
20537,152565,86460,-2.2707886474,8.3078800672,4.8765724588,110
20539,152549,86460,-2.2097716711,8.3078800672,4.9124647978,111
20541,152594,86443,-2.2636101795999997,8.3078800672,4.8909293944,112
20459,152573,86444,-2.1451654609,8.3569329305,4.8550370553999995,113
20544,152601,86467,-2.2743778813,8.4287176085,4.9304109673,114
20543,152590,86471,-2.2396819536,8.3497544627,4.883750926599999,115
20553,152576,86471,-2.4035903017,8.3617185757,4.850251410199999,116
20555,152611,86453,-2.2265214293,8.3437724062,4.8873401605,117
20579,152652,86475,-2.3377876802,8.350950873999999,4.8430729424,118
20582,152581,86455,-2.1690936869,8.4012001486,4.9280181447,119
20534,152637,86439,-2.1762721547,8.3210405915,4.8957150396,120
20484,152626,86446,-2.1750757434,8.4012001486,4.816751893799999,121
20538,152608,86450,-2.225325018,8.3712898661,4.850251410199999,122
20357,152492,86427,-2.3545374384,8.4251283746,4.8239303616,123
20192,152338,86408,-2.3557338497,8.3964145034,4.8358944746,124
20072,152374,86409,-2.309073809,8.3964145034,4.9363930238,125
19973,152345,86411,-2.2588245344,8.338986761000001,4.8526442328,126
19934,152321,86407,-2.1858434451,8.362914987,4.797609313,127
19919,152334,86398,-2.2504496553,8.3318082932,4.734199514099999,128
19919,152278,86389,-2.2336998971,8.3413795836,4.9028935074,129
19901,152296,86382,-2.3760728418,8.3557365192,4.7533420949,130
19888,152260,86385,-2.3736800192,8.4012001486,4.8550370553999995,131
19857,152262,86383,-2.285145583,8.2863446638,4.8239303616,132
19845,152260,86373,-2.3593230836,8.3724862774,4.8765724588,133
19845,152258,86386,-2.2995025186,8.352147285300001,4.8550370553999995,134
19847,152253,86369,-2.189432679,8.2576307926,4.9196432655999995,135
19859,152242,86381,-2.3138594542,8.3497544627,4.893322217,136
19854,152254,86369,-2.4478575198,8.4323068424,4.8406801198,137
19904,152314,86373,-2.2887348169,8.4358960763,4.8239303616,138
19880,152291,86373,-2.3605194949,8.3007015994,4.8466621763,139
19893,152226,86375,-2.368894374,8.2887374864,4.8622155232,140
19837,152288,86365,-2.27318147,8.4263247859,4.8670011684,141
19914,152313,86370,-2.4251257050999997,8.347361640099999,4.7509492723,142
19855,152288,86359,-2.3724836079,8.3042908333,4.8047877808,143
19710,152206,86349,-2.344966148,8.3569329305,4.8670011684,144
19536,152070,86346,-2.2767707039,8.417949906799999,4.8765724588,145
19414,152048,86315,-2.4490539311,8.226524098799999,4.9375894351,146
19348,151984,86320,-2.440679052,8.3892360356,4.9543391933,147
19306,151956,86306,-2.3629123174999997,8.4442709554,4.9256253221,148
19318,151944,86302,-2.3868405435,8.4035929712,4.8358944746,149
19340,151892,86328,-2.2360927197000002,8.3054872446,4.8466621763,150
19386,151990,86301,-2.3844477209,8.3330047045,4.9519463707,151
19368,151952,86317,-2.3162522768000002,8.4299140198,4.8622155232,152
19363,151956,86320,-2.3617159062,8.4526458345,4.850251410199999,153
19267,151960,86337,-2.2683958248,8.4741812379,4.9064827413000005,154
19431,152018,86336,-2.4215364712,8.3844503904,4.893322217,155
19388,151952,86328,-2.2947168733999996,8.293523131599999,4.8311088294,156
19416,151993,86345,-2.5339991334,8.4287176085,4.9304109673,157
19433,152012,86323,-2.3114666316,8.3054872446,4.8981078622,158
19457,151977,86339,-2.3545374384,8.4311104311,4.9148576204,159
19461,152017,86339,-2.3030917525,8.2217384536,4.8071806034,160
19521,152040,86342,-2.4023938904,8.350950873999999,4.8885365718,161
19526,152040,86360,-2.368894374,8.4119678503,4.9447679029,162
19555,152028,86346,-2.2779671152,8.4287176085,4.9399822577,163
19550,152106,86353,-2.3018953412000003,8.262416437799999,4.8981078622,164
19583,152125,86357,-2.3186450994000003,8.3437724062,4.7569313288,165
19525,152088,86358,-2.3712871966,8.4335032537,4.8000021356,166
19424,152021,86329,-2.3964118339,8.2301133327,4.8526442328,167
19212,151900,86301,-2.1559331626,8.3078800672,4.9196432655999995,168
19110,151757,86310,-2.2528424779,8.293523131599999,4.941178669,169
19064,151762,86297,-2.3712871966,8.3078800672,4.8765724588,170
19065,151831,86293,-2.3126630429,8.195417404999999,4.8287160068,171
19095,151786,86300,-2.3916261887,8.4012001486,4.8023949582,172
19133,151689,86300,-2.4335005842,8.3437724062,4.7748774982999995,173
19112,151802,86302,-2.4681965119,8.3186477689,4.9399822577,174
19183,151769,86297,-2.3389840915,8.3078800672,4.8622155232,175
19193,151805,86289,-2.2839491717,8.3090764785,4.9304109673,176
19210,151795,86317,-2.2552353005,8.3018980107,4.8550370553999995,177
19227,151800,86303,-2.3318056236999998,8.2564343813,4.9543391933,178
19259,151837,86325,-2.309073809,8.3940216808,4.8825545153,179
19339,151887,86319,-2.3676979627,8.347361640099999,4.8215375389999995,180
19330,151886,86342,-2.3102702203,8.475377649199999,4.9495535481,181
19365,151891,86335,-2.3306092124,8.3126657124,4.961517661099999,182
19408,151918,86325,-2.2576281231,8.1750784129,4.929214556,183
19440,151961,86344,-2.2624137683,8.3174513576,4.9064827413000005,184
19480,152008,86372,-2.309073809,8.3485580514,4.9124647978,185
19511,151951,86376,-2.4203400599,8.350950873999999,4.9076791526,186
19550,152086,86373,-2.2636101795999997,8.3928252695,4.833501652,187
19581,152090,86382,-2.2624137683,8.391628858199999,4.8526442328,188
19601,152162,86378,-2.1523439287,8.3712898661,4.7688954418,189
19550,152131,86364,-2.4095723582,8.3581293418,4.9100719752,190
19424,152056,86381,-2.3437697367,8.281559018600001,4.7688954418,191
19315,151990,86371,-2.2169501389,8.3007015994,4.9986064114,192
19249,151959,86335,-2.2863419943,8.3437724062,4.9064827413000005,193
19226,151874,86355,-2.3916261887,8.240881034400001,4.8059841921,194
19259,151972,86359,-2.1571295739000003,8.3401831723,4.8969114509,195
19297,151965,86360,-2.261217357,8.2121671632,4.9220360882000005,196
19336,151865,86354,-2.1738793321000003,8.4203427294,4.8191447164,197
19385,151976,86381,-2.3880369548,8.3186477689,4.8981078622,198
19371,151994,86368,-2.1810577999,8.303094422,4.8191447164,199
19443,152020,86381,-2.2002003807,8.4083786164,4.8885365718,200
19470,152036,86380,-2.1284157027,8.459824302300001,4.9148576204,201
19531,152111,86421,-2.2935204621,8.3677006322,4.8801616927,202
19549,152094,86409,-2.1643080417,8.2648092604,4.9806602419,203
19608,152134,86419,-2.2707886474,8.391628858199999,4.782055966100001,204
19639,152127,86420,-2.3916261887,8.327022648,4.9304109673,205
19698,152197,86429,-2.2552353005,8.3090764785,4.9196432655999995,206
19730,152214,86425,-2.2803599377999997,8.3808611565,4.8634119345,207
19797,152264,86440,-2.3365912689,8.2085779293,4.961517661099999,208
19824,152303,86462,-2.2636101795999997,8.303094422,4.90528633,209
19863,152336,86448,-2.2767707039,8.4741812379,4.8358944746,210
19868,152372,86453,-2.1966111468,8.3820575678,4.9507499594,211
19865,152405,86464,-2.2755742926,8.3258262367,4.7784667322,212
19936,152438,86477,-2.2432711875,8.2648092604,4.9363930238,213
19871,152401,86479,-2.1738793321000003,8.2456666796,4.809573426,214
19801,152392,86475,-2.2576281231,8.4323068424,4.893322217,215
19761,152390,86470,-2.2588245344,8.3174513576,4.9399822577,216
19746,152331,86461,-2.3676979627,8.271987728200001,4.9734817741,217
19766,152326,86461,-2.2935204621,8.3342011158,4.7593241513999995,218
19806,152358,86457,-2.3437697367,8.4981094639,4.917250443,219
19843,152404,86459,-2.2660030021999997,8.422735552,4.8382872972,220
19882,152361,86456,-2.2492532439999997,8.3856468017,4.9028935074,221
19905,152380,86467,-2.2456640101,8.3617185757,4.9686961289000005,222
19927,152380,86468,-2.2911276395,8.315058535,4.9363930238,223
19944,152424,86477,-2.2277178406,8.3880396243,4.8765724588,224
19960,152409,86468,-2.3617159062,8.3198441802,4.833501652,225
19895,152422,86465,-2.3186450994000003,8.3485580514,4.917250443,226
20023,152436,86474,-2.2348963083999998,8.3904324469,4.8107698373000005,227
20058,152461,86470,-2.2420747762,8.3342011158,4.9100719752,228
20077,152505,86478,-2.3138594542,8.3653078096,4.9447679029,229
20117,152496,86483,-2.2313070745,8.4478601893,4.9232324995,230
20147,152493,86483,-2.1595223965,8.4131642616,4.8239303616,231
20169,152526,86499,-2.3892333661,8.3940216808,4.883750926599999,232
20202,152615,86508,-2.3401805028,8.3054872446,4.9363930238,233
20214,152615,86505,-2.1726829208,8.4299140198,4.7856452,234
20050,152559,86487,-2.3294128011,8.4119678503,4.8586262893,235
20062,152537,86512,-2.3784656644,8.2289169214,4.9722853628,236
19987,152506,86489,-2.2528424779,8.391628858199999,4.961517661099999,237
19965,152510,86482,-2.2815563491,8.3557365192,4.8071806034,238
19910,152444,86498,-2.3485553819,8.267202082999999,4.8598227006,239
19915,152410,86482,-2.2660030021999997,8.3413795836,4.7258246349999995,240
19940,152400,86481,-2.2313070745,8.3126657124,4.8610191119,241
19953,152407,86503,-2.2899312282,8.3007015994,4.8287160068,242
19975,152454,86485,-2.4801606249,8.3892360356,4.9663033062999995,243
19983,152429,86494,-2.285145583,8.249255913499999,4.8622155232,244
19984,152373,86495,-2.3198415107,8.3198441802,4.9686961289000005,245
19938,152455,86479,-2.3856441322,8.3712898661,4.8825545153,246
19949,152458,86510,-2.3736800192,8.3784683339,4.8047877808,247
19926,152515,86493,-2.3186450994000003,8.4335032537,4.8143590712,248
20037,152501,86502,-2.3820548983,8.3018980107,4.8071806034,249
20065,152511,86516,-2.3700907853,8.3126657124,4.845465765,250
20067,152570,86504,-2.4131615921,8.3282190593,4.9184468543,251
20109,152572,86508,-2.2181465501999997,8.4837525283,4.8957150396,252
20155,152621,86517,-2.2959132847,8.4023965599,4.845465765,253
20143,152630,86530,-2.3533410271,8.3102728898,4.8550370553999995,254
20130,152638,86529,-2.3054845751,8.3054872446,4.9507499594,255
19984,152582,86504,-2.2755742926,8.3007015994,4.8885365718,256
19868,152541,86486,-2.2683958248,8.267202082999999,4.9507499594,257
19795,152491,86477,-2.3784656644,8.5016986978,4.8622155232,258
19727,152428,86488,-2.237289131,8.4071822051,4.9112683865,259
19687,152387,86471,-2.4454646972,8.3748791,4.8358944746,260
19727,152374,86462,-2.321037922,8.398807326,4.857429878,261
19726,152400,86461,-2.3198415107,8.4095750277,4.9016970961,262
19740,152397,86482,-2.3760728418,8.3533436966,4.8598227006,263
19749,152391,86470,-2.4323041729,8.1631142999,4.8478585876,264
19752,152387,86472,-2.4538395763,8.279166196,4.8179483051,265
19758,152427,86474,-2.3174486881,8.2731841395,4.9543391933,266
19764,152403,86457,-2.2743778813,8.350950873999999,4.8681975797,267
19813,152485,86472,-2.2911276395,8.4023965599,4.8406801198,268
19796,152455,86470,-2.3126630429,8.4143606729,4.8729832249000005,269
19811,152427,86458,-2.416750826,8.360522164399999,4.8358944746,270
19802,152517,86490,-2.2887348169,8.4215391407,4.8000021356,271
19857,152550,86469,-2.2935204621,8.3617185757,4.9005006848,272
19822,152553,86481,-2.3138594542,8.4394853102,4.9519463707,273
19902,152574,86492,-2.1966111468,8.2468630909,4.7270210463,274
19863,152567,86487,-2.2767707039,8.3976109147,4.9639104837,275
19764,152529,86463,-2.3054845751,8.262416437799999,4.8119662486,276
19629,152438,86444,-2.356930261,8.3222370028,4.9806602419,277
19483,152396,86423,-2.3246271559,8.3198441802,4.9160540317,278
19472,152343,86437,-2.2803599377999997,8.3294154706,4.8478585876,279
19456,152304,86433,-2.2289142519,8.3246298254,4.8741796362,280
19455,152286,86430,-2.3940190112999997,8.2839518412,4.8478585876,281
19480,152266,86432,-2.3102702203,8.291130309,4.9028935074,282
19504,152206,86422,-2.3425733254,8.3892360356,4.7748774982999995,283
19464,152261,86410,-2.3318056236999998,8.207381518,4.8909293944,284
19516,152278,86426,-2.2576281231,8.3246298254,4.8358944746,285
19531,152315,86431,-2.3054845751,8.4012001486,4.8311088294,286
19544,152313,86428,-2.285145583,8.280362607299999,4.8945186283,287
19557,152348,86435,-2.2576281231,8.3054872446,4.9112683865,288
19582,152307,86415,-2.3258235672,8.3940216808,4.8550370553999995,289
19606,152374,86432,-2.3497517932000003,8.3665042209,4.961517661099999,290
19642,152374,86438,-2.3521446158,8.3258262367,4.748556449700001,291
19674,152478,86460,-2.3294128011,8.4143606729,4.8263231842,292
19734,152480,86455,-2.3258235672,8.410771439,4.8909293944,293
19727,152490,86468,-2.1822542112,8.4622171249,4.8023949582,294
19739,152448,86483,-2.3665015514,8.3102728898,4.8131626599,295
19624,152459,86465,-2.2552353005,8.3724862774,4.881358104,296
19448,152402,86443,-2.2157537276,8.2576307926,4.8287160068,297
19451,152342,86433,-2.2755742926,8.4143606729,4.7688954418,298
19368,152272,86436,-2.3832513096,8.3964145034,4.8598227006,299
19351,152225,86431,-2.2648065909,8.3796647452,4.878965281399999,300
19353,152233,86431,-2.237289131,8.4430745441,4.7892344339,301
19396,152286,86416,-2.3353948576,8.4012001486,4.7808595548,302
19435,152298,86434,-2.1284157027,8.405985793800001,4.8765724588,303
19443,152306,86436,-2.2432711875,8.2863446638,4.90528633,304
19355,152257,86427,-2.2432711875,8.279166196,4.8646083458,305
19469,152300,86426,-2.1583259852,8.4119678503,4.9519463707,306
19486,152312,86437,-2.2025932033,8.3940216808,4.9100719752,307
19516,152331,86458,-2.213360905,8.350950873999999,4.857429878,308
19564,152386,86482,-2.2564317118,8.4574314797,4.9124647978,309
19555,152375,86451,-2.3102702203,8.4131642616,4.8969114509,310
19646,152378,86456,-2.1451654609,8.3042908333,4.8741796362,311
19625,152437,86490,-2.3078773977,8.2253276875,4.8717868136,312
19682,152455,86478,-2.2265214293,8.3820575678,4.8430729424,313
19693,152473,86465,-2.1762721547,8.2755769621,4.883750926599999,314
19695,152476,86471,-2.4311077616,8.1990066389,4.8861437492,315
19637,152430,86455,-2.2336998971,8.294719542900001,4.8741796362,316
19506,152388,86474,-2.3066809864,8.362914987,4.8670011684,317
19392,152312,86462,-2.3186450994000003,8.373682688699999,4.8670011684,318
19322,152246,86446,-2.3186450994000003,8.3964145034,4.9639104837,319
19243,152205,86454,-2.3306092124,8.3581293418,4.8598227006,320
19318,152208,86423,-2.2396819536,8.3569329305,4.8000021356,321
19360,152229,86453,-2.4107687694999997,8.3342011158,4.869393991,322
19394,152228,86431,-2.1906290903,8.3700934548,4.9112683865,323
19400,152267,86452,-2.3413769141,8.2289169214,4.809573426,324
19439,152238,86443,-2.1978075581,8.470592004,4.9304109673,325
19411,152251,86430,-2.2839491717,8.231309744,4.9112683865,326
19457,152254,86426,-2.1990039694,8.3856468017,4.90528633,327
19385,152257,86446,-2.2396819536,8.3198441802,4.845465765,328
19492,152300,86471,-2.4107687694999997,8.3557365192,4.7928236678,329
19529,152226,86449,-2.3401805028,8.4430745441,4.7904308452,330
19587,152370,86479,-2.1726829208,8.3198441802,4.833501652,331
19594,152372,86460,-2.2504496553,8.4801632944,4.857429878,332
19639,152399,86461,-2.2540388892,8.4670027701,4.917250443,333
19642,152377,86456,-2.309073809,8.3665042209,4.8215375389999995,334
19616,152311,86445,-2.27318147,8.4035929712,4.899304273499999,335
19498,152284,86445,-2.3533410271,8.3449688175,4.8275195955,336
19359,152174,86428,-2.0805592507,8.3282190593,4.8586262893,337
19250,152047,86400,-2.1738793321000003,8.2109707519,4.8622155232,338
19183,152043,86397,-2.3174486881,8.3724862774,4.8382872972,339
19187,152024,86385,-2.3533410271,8.2384882118,4.9232324995,340
19101,152009,86396,-2.1966111468,8.338986761000001,4.850251410199999,341
19271,152061,86409,-2.1068802992999998,8.3198441802,4.893322217,342
19280,152028,86396,-2.1547367513,8.4681991814,4.8215375389999995,343
19297,152044,86409,-2.1690936869,8.2887374864,4.8969114509,344
19311,152042,86385,-2.3102702203,8.386843213,4.9005006848,345
19323,152014,86420,-2.2085752598,8.3102728898,4.8598227006,346
19343,152054,86397,-2.3629123174999997,8.362914987,4.8717868136,347
19368,152046,86404,-2.2707886474,8.3976109147,4.833501652,348
19387,152042,86405,-2.2767707039,8.252845147399999,4.9124647978,349
19414,152093,86413,-2.2839491717,8.252845147399999,4.9136612091,350
19456,152108,86414,-2.3330020350000003,8.3653078096,4.883750926599999,351
19483,152128,86428,-2.1870398563999998,8.470592004,4.8957150396,352
19531,152158,86435,-2.2923240508,8.386843213,4.9256253221,353
19463,152119,86409,-2.3425733254,8.3449688175,4.8215375389999995,354
19340,152014,86402,-2.3353948576,8.3665042209,4.850251410199999,355
19220,151910,86394,-2.4000010678,8.3258262367,4.9100719752,356
19119,151844,86368,-2.3126630429,8.4430745441,4.8358944746,357
19080,151781,86354,-2.4346969955,8.3102728898,4.8239303616,358
19082,151776,86358,-2.2552353005,8.4993058752,4.8478585876,359
19118,151792,86367,-2.4083759468999997,8.350950873999999,4.9423750803,360
19085,151806,86367,-2.2145573163,8.434699665,4.9435714916,361
19192,151842,86371,-2.4825534475,8.2731841395,4.8047877808,362
19210,151776,86358,-2.2420747762,8.3294154706,4.809573426,363
19226,151753,86385,-2.2588245344,8.2767733734,4.8598227006,364
19238,151849,86357,-2.2707886474,8.3904324469,4.9040899186999996,365
19263,151907,86378,-2.368894374,8.3306118819,4.8311088294,366
19309,151906,86387,-2.3748764305,8.3007015994,4.9208396769,367
19302,151908,86383,-2.3341984463,8.2588272039,4.9256253221,368
19343,151927,86411,-2.4119651808,8.4311104311,4.8430729424,369
19373,151967,86373,-2.4263221164,8.3461652288,4.9148576204,370
19323,151974,86400,-2.4370898181,8.280362607299999,4.833501652,371
19406,151991,86391,-2.2432711875,8.271987728200001,4.8071806034,372
19321,151927,86385,-2.2576281231,8.3617185757,4.7700918531,373
19189,151836,86381,-2.3006989299,8.25523797,4.833501652,374
19080,151754,86354,-2.3808584870000002,8.2695949056,4.8969114509,375
19030,151735,86335,-2.1559331626,8.4143606729,4.8981078622,376
19015,151687,86337,-2.1954147355,8.3700934548,4.8717868136,377
19034,151699,86349,-2.2336998971,8.398807326,4.7593241513999995,378
19101,151705,86328,-2.3114666316,8.3437724062,4.844269353700001,379
19084,151705,86357,-2.4071795356,8.3186477689,4.9196432655999995,380
19216,151735,86355,-2.2348963083999998,8.3760755113,4.9184468543,381
19179,151733,86355,-2.3138594542,8.338986761000001,4.816751893799999,382
19166,151737,86356,-2.1762721547,8.2959159542,4.9232324995,383
19271,151804,86368,-2.3653051401,8.350950873999999,4.953142782,384
19156,151780,86365,-2.2803599377999997,8.3425759949,4.8406801198,385
19257,151790,86362,-2.2552353005,8.463413536200001,4.9471607255,386
19312,151871,86383,-2.2887348169,8.3700934548,4.833501652,387
19389,151891,86389,-2.3736800192,8.279166196,4.7856452,388
19355,151907,86392,-2.3138594542,8.3976109147,4.857429878,389
19417,151944,86390,-2.2743778813,8.3557365192,4.7581277401,390
19328,151959,86398,-2.2791635265,8.4215391407,4.850251410199999,391
19325,151854,86369,-2.3078773977,8.262416437799999,4.8406801198,392
19203,151807,86385,-2.2552353005,8.3342011158,4.9507499594,393
19123,151775,86370,-2.309073809,8.3760755113,4.9160540317,394
19092,151716,86357,-2.3593230836,8.2444702683,4.8765724588,395
19067,151679,86358,-2.3712871966,8.2887374864,4.9375894351,396
19151,151690,86334,-2.2899312282,8.3294154706,4.8717868136,397
19204,151712,86363,-2.2899312282,8.3294154706,4.8717868136,398
19256,151754,86366,-2.2899312282,8.3294154706,4.8717868136,399
19290,151771,86345,-2.2899312282,8.3294154706,4.8717868136,400
19321,151772,86377,-2.2899312282,8.3294154706,4.8717868136,401
19351,151829,86368,-2.2899312282,8.3294154706,4.8717868136,402
19383,151834,86377,-2.2899312282,8.3294154706,4.8717868136,403
19429,151890,86384,-2.2899312282,8.3294154706,4.8717868136,404
19472,151920,86414,-2.2899312282,8.3294154706,4.8717868136,405
19513,151983,86424,-2.2899312282,8.3294154706,4.8717868136,406
19568,151988,86414,-2.2899312282,8.3294154706,4.8717868136,407
19618,152028,86400,-2.2899312282,8.3294154706,4.8717868136,408
19670,152073,86429,-2.2899312282,8.3294154706,4.8717868136,409
19695,152150,86436,-2.2899312282,8.3294154706,4.8717868136,410
19645,152084,86435,-2.2899312282,8.3294154706,4.8717868136,411
19572,152075,86426,-2.2899312282,8.3294154706,4.8717868136,412
19518,152048,86432,-2.2899312282,8.3294154706,4.8717868136,413
19498,152032,86433,-2.2899312282,8.3294154706,4.8717868136,414
19509,152014,86443,-2.2899312282,8.3294154706,4.8717868136,415
19552,152048,86439,-2.2899312282,8.3294154706,4.8717868136,416
19603,152089,86446,-2.2899312282,8.3294154706,4.8717868136,417
19654,152077,86450,-2.2899312282,8.3294154706,4.8717868136,418
19687,152117,86448,-2.2899312282,8.3294154706,4.8717868136,419
19725,152108,86433,-2.2899312282,8.3294154706,4.8717868136,420
19759,152179,86452,-2.2899312282,8.3294154706,4.8717868136,421
19793,152189,86468,-2.2899312282,8.3294154706,4.8717868136,422
19830,152228,86472,-2.2899312282,8.3294154706,4.8717868136,423
19869,152261,86476,-2.2899312282,8.3294154706,4.8717868136,424
19913,152264,86472,-2.2899312282,8.3294154706,4.8717868136,425
19960,152310,86492,-2.3581266723,8.2899338977,4.8670011684,426
20007,152357,86488,-2.3581266723,8.2899338977,4.8670011684,427
20101,152398,86485,-2.2671994135,8.3760755113,4.8143590712,428
20073,152434,86497,-2.3270199785,8.271987728200001,4.8215375389999995,429
20010,152401,86499,-2.3162522768000002,8.2588272039,4.881358104,430
20010,152448,86499,-2.2097716711,8.3007015994,4.883750926599999,431
19938,152402,86493,-2.3341984463,8.4215391407,4.8861437492,432
19911,152375,86475,-2.2420747762,8.3007015994,4.9005006848,433
19906,152325,86488,-2.2480568327,8.4382888989,4.881358104,434
19932,152361,86480,-2.3521446158,8.2109707519,4.899304273499999,435
20011,152342,86493,-2.2420747762,8.3796647452,4.8622155232,436
20000,152367,86500,-2.3282163898,8.3114693011,4.8705904022999995,437
20010,152369,86491,-2.3306092124,8.3784683339,4.9244289108,438
20002,152397,86485,-2.2061824372,8.360522164399999,4.9423750803,439
20059,152398,86490,-2.2157537276,8.417949906799999,4.9710889515,440
19976,152409,86493,-2.1798613886,8.4646099475,4.9435714916,441
20028,152454,86501,-2.2205393728,8.315058535,4.9304109673,442
20076,152479,86511,-2.2791635265,8.3485580514,4.8406801198,443
20164,152492,86507,-2.2719850587,8.4335032537,4.8825545153,444
20191,152508,86515,-2.3712871966,8.4382888989,4.8000021356,445
20216,152450,86520,-2.2516460665999998,8.484948939599999,4.9854458871,446
20236,152518,86511,-2.2169501389,8.5340018029,4.9447679029,447
20246,152528,86510,-2.2193429615,8.3234334141,4.9806602419,448
20200,152511,86485,-2.1798613886,8.2348989779,4.926821733400001,449
20123,152476,86500,-2.3581266723,8.2983087768,4.9328037898999995,450
19948,152422,86494,-2.4801606249,8.3437724062,4.8538406441,451
19950,152380,86489,-2.1140587671,8.2899338977,4.9076791526,452
19930,152347,86484,-2.3102702203,8.2899338977,4.8861437492,453
19919,152311,86470,-2.2169501389,8.445467366699999,4.8741796362,454
19938,152326,86479,-2.3042881638,8.4239319633,4.8825545153,455
19941,152351,86463,-2.2528424779,8.3054872446,4.8406801198,456
19952,152287,86454,-2.2779671152,8.360522164399999,4.8897329831,457
19951,152345,86469,-2.3306092124,8.2468630909,4.953142782,458
19907,152309,86474,-2.3042881638,8.4526458345,4.9495535481,459
19988,152325,86470,-2.3258235672,8.4406817215,4.9340002012,460
19961,152333,86472,-2.4442682859,8.3054872446,4.8646083458,461
19985,152320,86457,-2.285145583,8.3222370028,4.9064827413000005,462
19997,152309,86468,-2.1272192914,8.327022648,4.8023949582,463
20018,152367,86462,-2.3712871966,8.3892360356,4.9076791526,464
19975,152316,86476,-2.237289131,8.427521197199999,4.893322217,465
20041,152340,86477,-2.2181465501999997,8.4358960763,4.7928236678,466
20011,152340,86469,-2.1439690496,8.3437724062,4.9316073786,467
19827,152284,86462,-2.3282163898,8.3497544627,4.8526442328,468
19778,152232,86436,-2.237289131,8.3485580514,4.9016970961,469
19683,152181,86433,-2.3150558654999998,8.3413795836,4.8191447164,470
19670,152154,86425,-2.2695922361,8.3282190593,4.7760739096,471
19503,152085,86439,-2.3186450994000003,8.3772719226,4.9256253221,472
19614,152076,86414,-2.2863419943,8.352147285300001,4.788038022599999,473
19625,152083,86424,-2.2552353005,8.3581293418,4.869393991,474
19644,152073,86411,-2.4514467537,8.3007015994,4.8023949582,475
19644,152111,86404,-2.2169501389,8.3617185757,4.8957150396,476
19649,151980,86420,-2.3066809864,8.2767733734,4.833501652,477
19657,152082,86401,-2.4705893345,8.3007015994,4.850251410199999,478
19669,152086,86409,-2.3401805028,8.3449688175,4.8825545153,479
19591,152072,86410,-2.2791635265,8.2420774457,4.7928236678,480
19676,152091,86413,-2.3796620756999998,8.3557365192,4.8873401605,481
19724,152118,86421,-2.3473589706,8.267202082999999,4.850251410199999,482
19750,152109,86418,-2.368894374,8.2480595022,4.857429878,483
19778,152165,86410,-2.3521446158,8.386843213,4.8394837085,484
19767,152051,86407,-2.2456640101,8.3365939384,4.809573426,485
19729,152124,86408,-2.2995025186,8.2695949056,4.881358104,486
19560,152052,86382,-2.4239292938,8.2743805508,4.883750926599999,487
19450,152016,86370,-2.4418754632999997,8.4071822051,4.9459643142,488
19387,151851,86377,-2.3497517932000003,8.3748791,4.8227339503,489
19358,151922,86349,-2.3700907853,8.3832539791,4.9806602419,490
19371,151966,86367,-2.3461625592999997,8.417949906799999,4.9088755639,491
19392,151899,86372,-2.2384855423,8.3748791,4.8753760475,492
19322,151919,86368,-2.3413769141,8.279166196,4.8071806034,493
19436,151900,86371,-2.4155544147,8.3413795836,4.8287160068,494
19445,151940,86366,-2.3377876802,8.3330047045,4.8622155232,495
19455,151931,86364,-2.3246271559,8.243273857,4.845465765,496
19472,151941,86367,-2.3497517932000003,8.281559018600001,4.8622155232,497
19488,151964,86380,-2.3150558654999998,8.3425759949,4.8909293944,498
19506,151910,86376,-2.3545374384,8.4095750277,4.893322217,499
19584,152026,86379,-2.2145573163,8.291130309,4.850251410199999,500
19470,152022,86379,-2.4191436486,8.364111398299999,4.8311088294,501
19575,152038,86401,-2.3318056236999998,8.410771439,4.8418765311,502
19628,152075,86386,-2.3294128011,8.2660056717,4.9040899186999996,503
19627,152042,86391,-2.404786713,8.3437724062,4.7617169740000005,504
19546,152011,86380,-2.4263221164,8.5028951091,4.8346980633,505
19392,151944,86351,-2.2648065909,8.2899338977,4.8873401605,506
19328,151858,86358,-2.3246271559,8.386843213,4.8646083458,507
19254,151846,86349,-2.3365912689,8.4023965599,4.878965281399999,508
19161,151821,86348,-2.3102702203,8.3677006322,4.883750926599999,509
19259,151826,86346,-2.2779671152,8.2600236152,4.8646083458,510
19294,151794,86346,-2.4789642136,8.2253276875,4.8071806034,511
19327,151877,86346,-2.4023938904,8.3401831723,4.8550370553999995,512
19344,151794,86325,-2.2983061073,8.3234334141,4.9124647978,513
19390,151868,86337,-2.3425733254,8.3294154706,4.8526442328,514
19378,151846,86347,-2.2169501389,8.3461652288,4.8406801198,515
19395,151863,86324,-2.4418754632999997,8.2348989779,4.8382872972,516
19431,151870,86361,-2.3976082452,8.3856468017,4.929214556,517
19458,151918,86356,-2.344966148,8.291130309,4.7952164904,518
19492,151917,86379,-2.3042881638,8.4670027701,4.8729832249000005,519
19534,151961,86369,-2.2803599377999997,8.3844503904,4.8263231842,520
19568,152003,86376,-2.297109696,8.3198441802,4.9495535481,521
19610,152013,86370,-2.2145573163,8.3222370028,4.8478585876,522
19643,152081,86382,-2.2815563491,8.4251283746,4.8753760475,523
19619,152075,86391,-2.428714939,8.3353975271,4.845465765,524
19443,151998,86365,-2.2145573163,8.1332040174,4.7461636271,525
19404,151951,86373,-2.2444675988,8.2899338977,4.9124647978,526
19347,151885,86342,-2.1786649773,8.291130309,4.893322217,527
19319,151867,86358,-2.2408783649,8.3772719226,4.8646083458,528
19326,151884,86356,-2.3425733254,8.3437724062,4.926821733400001,529
19366,151895,86354,-2.3114666316,8.291130309,4.8071806034,530
19423,151943,86391,-2.1930219129,8.398807326,4.7808595548,531
19443,151946,86373,-2.2229321954,8.3449688175,4.816751893799999,532
19464,151959,86380,-2.2217357841,8.3677006322,4.961517661099999,533
19491,152011,86372,-2.1714865095,8.252845147399999,4.878965281399999,534
19517,151974,86375,-2.2420747762,8.3796647452,4.8311088294,535
19539,151997,86382,-2.2061824372,8.4095750277,4.878965281399999,536
19573,152030,86396,-2.2863419943,8.3449688175,4.797609313,537
19611,152042,86389,-2.2803599377999997,8.2600236152,4.8741796362,538
19631,152092,86413,-2.3066809864,8.398807326,4.881358104,539
19686,152121,86415,-2.4000010678,8.3557365192,4.9543391933,540
19638,152157,86409,-2.2013967919999997,8.404789382499999,4.9304109673,541
19746,152151,86417,-2.1619152191,8.434699665,4.8215375389999995,542
19789,152168,86426,-2.3377876802,8.4574314797,4.9686961289000005,543
19643,152138,86425,-2.3341984463,8.3042908333,4.7413779819,544
19585,152069,86409,-2.297109696,8.240881034400001,4.995017177499999,545
19542,152025,86377,-2.2037896146,8.4143606729,4.845465765,546
19499,151983,86396,-2.2121644937,8.3784683339,4.8909293944,547
19497,151953,86369,-2.1930219129,8.3007015994,4.8765724588,548
19524,151978,86375,-2.2037896146,8.2971123655,4.8981078622,549
19563,152046,86402,-2.3306092124,8.3342011158,4.7569313288,550
19607,152043,86397,-2.237289131,8.3653078096,4.8143590712,551
19628,152080,86385,-2.3712871966,8.2516487361,4.9196432655999995,552
19615,152024,86413,-2.0494525569,8.3054872446,4.926821733400001,553
19662,152078,86400,-2.3593230836,8.2241312762,4.929214556,554
19689,152055,86397,-2.2839491717,8.338986761000001,4.845465765,555
19728,152098,86399,-2.3114666316,8.364111398299999,4.8047877808,556
19734,152106,86399,-2.2755742926,8.3940216808,4.7784667322,557
19767,152116,86409,-2.3724836079,8.4299140198,5.0045884679,558
19797,152131,86407,-2.3030917525,8.3353975271,4.8729832249000005,559
19824,152041,86420,-2.1918255016,8.3557365192,4.8239303616,560
19859,152154,86396,-2.2277178406,8.5280197464,4.8981078622,561
19879,152188,86393,-2.2265214293,8.2683984943,4.8897329831,562
19827,152125,86396,-2.2755742926,8.3437724062,4.857429878,563
19756,152109,86377,-2.4490539311,8.2683984943,4.7318066915,564
19608,151958,86394,-2.297109696,8.350950873999999,4.9830530645,565
19537,151933,86361,-2.1978075581,8.281559018600001,4.883750926599999,566
19508,151926,86353,-2.3832513096,8.3497544627,4.9471607255,567
19478,151940,86358,-2.3617159062,8.291130309,4.9256253221,568
19508,151917,86345,-2.3042881638,8.4885381735,4.7605205627,569
19487,151944,86363,-2.2995025186,8.3784683339,4.8215375389999995,570
19530,151941,86362,-2.2313070745,8.3007015994,4.8023949582,571
19519,151935,86353,-2.2707886474,8.4083786164,4.8406801198,572
19631,151890,86367,-2.3365912689,8.3964145034,4.9208396769,573
19670,151943,86376,-2.2313070745,8.236095389199999,4.8681975797,574
19661,151924,86376,-2.237289131,8.3258262367,4.8717868136,575
19637,151947,86363,-2.3330020350000003,8.3054872446,4.8562334667,576
19676,151980,86373,-2.2037896146,8.4358960763,4.9423750803,577
19729,152007,86384,-2.4658036893,8.4933238187,4.8921258057,578
19755,151967,86378,-2.2995025186,8.347361640099999,4.9363930238,579
19787,151901,86369,-2.2516460665999998,8.3342011158,4.8897329831,580
19780,151987,86359,-2.2396819536,8.3353975271,4.8227339503,581
19730,151980,86361,-2.3078773977,8.404789382499999,4.8191447164,582
19565,151895,86345,-2.2600209457,8.3007015994,4.8370908858999995,583
19487,151839,86329,-2.2935204621,8.3617185757,4.9220360882000005,584
19451,151794,86327,-2.3952154226,8.3365939384,4.917250443,585
19381,151748,86325,-2.4478575198,8.338986761000001,4.9328037898999995,586
19391,151756,86323,-2.3042881638,8.1774712355,4.850251410199999,587
19414,151781,86320,-2.3306092124,8.2923267203,4.9148576204,588
19444,151750,86322,-2.2384855423,8.271987728200001,4.7904308452,589
19462,151746,86303,-2.4897319153,8.1966138163,4.7952164904,590
19470,151753,86306,-2.2492532439999997,8.3677006322,4.8861437492,591
19472,151803,86307,-2.3784656644,8.3617185757,4.8909293944,592
19485,151746,86301,-2.3772692530999997,8.1990066389,4.878965281399999,593
19496,151815,86322,-2.5375883673,8.3078800672,4.833501652,594
19513,151754,86313,-2.3330020350000003,8.2660056717,4.9208396769,595
19527,151820,86324,-2.2468604214,8.3904324469,4.8311088294,596
19556,151750,86331,-2.368894374,8.3712898661,4.8670011684,597
19621,151855,86320,-2.3856441322,8.4287176085,4.9124647978,598
19620,151921,86307,-2.3114666316,8.3425759949,4.8430729424,599
19514,151875,86323,-2.3700907853,8.280362607299999,4.7617169740000005,600
19550,151839,86303,-2.3676979627,8.350950873999999,4.9148576204,601
19427,151769,86309,-2.3497517932000003,8.315058535,4.8550370553999995,602
19309,151686,86298,-2.2516460665999998,8.3964145034,4.8538406441,603
19247,151650,86289,-2.3880369548,8.249255913499999,4.845465765,604
19223,151587,86277,-2.3653051401,8.3294154706,4.9782674193,605
19225,151595,86279,-2.3078773977,8.4526458345,4.7964129017,606
19270,151596,86273,-2.4143580034,8.3138621237,4.857429878,607
19292,151632,86261,-2.2648065909,8.240881034400001,4.869393991,608
19323,151631,86270,-2.2815563491,8.315058535,4.8287160068,609
19292,151605,86276,-2.2803599377999997,8.4574314797,4.9160540317,610
19348,151660,86281,-2.4311077616,8.3952180921,4.8287160068,611
19363,151600,86282,-2.3545374384,8.2337025666,4.9328037898999995,612
19401,151687,86297,-2.3748764305,8.4095750277,4.9124647978,613
19397,151679,86287,-2.2648065909,8.2576307926,4.8311088294,614
19443,151660,86291,-2.3306092124,8.3222370028,4.869393991,615
19479,151783,86302,-2.3808584870000002,8.2444702683,4.8239303616,616
19511,151751,86310,-2.4957139718,8.445467366699999,4.961517661099999,617
19547,151768,86312,-2.2420747762,8.3533436966,4.995017177499999,618
19578,151830,86326,-2.2265214293,8.1906317598,4.9280181447,619
19538,151800,86324,-2.2671994135,8.3581293418,4.8957150396,620
19421,151727,86288,-2.4825534475,8.364111398299999,4.7246282237,621
19328,151672,86295,-2.3006989299,8.3210405915,4.9040899186999996,622
19259,151664,86293,-2.4000010678,8.3413795836,4.8526442328,623
19252,151606,86286,-2.2959132847,8.3210405915,4.8622155232,624
19252,151627,86276,-2.2552353005,8.404789382499999,4.8885365718,625
19230,151627,86282,-2.3282163898,8.4382888989,4.926821733400001,626
19330,151703,86270,-2.3018953412000003,8.3174513576,4.8729832249000005,627
19294,151632,86279,-2.2073788485,8.25523797,4.8215375389999995,628
19378,151645,86269,-2.3078773977,8.3617185757,4.857429878,629
19398,151674,86283,-2.2600209457,8.239684623099999,4.8861437492,630
19464,151699,86295,-2.2504496553,8.315058535,4.9148576204,631
19441,151731,86302,-2.4311077616,8.3198441802,5.0045884679,632
19483,151772,86306,-2.2600209457,8.3007015994,4.8358944746,633
19512,151759,86302,-2.3234307446,8.3365939384,4.929214556,634
19555,151809,86323,-2.2636101795999997,8.350950873999999,4.8215375389999995,635
19587,151822,86317,-2.2157537276,8.3425759949,4.8382872972,636
19630,151889,86329,-2.2959132847,8.2648092604,4.8885365718,637
19650,151896,86325,-2.2420747762,8.3449688175,4.9459643142,638
19711,151923,86325,-2.2193429615,8.3976109147,4.8801616927,639
19659,151894,86323,-2.344966148,8.2767733734,4.8861437492,640
19576,151901,86345,-2.2624137683,8.3114693011,4.9184468543,641
19482,151850,86342,-2.4059831243,8.3353975271,4.9028935074,642
19411,151676,86316,-2.3198415107,8.4035929712,4.8957150396,643
19394,151739,86320,-2.1667008643,8.2839518412,4.9423750803,644
19393,151765,86331,-2.2396819536,8.1846497033,4.8670011684,645
19448,151782,86319,-2.2995025186,8.1870425259,4.8311088294,646
19444,151813,86337,-2.3736800192,8.2576307926,4.8478585876,647
19528,151835,86347,-2.297109696,8.3557365192,4.9387858464,648
19536,151820,86330,-2.1607188078,8.4335032537,4.9076791526,649
19558,151844,86330,-2.3138594542,8.315058535,4.9064827413000005,650
19571,151812,86342,-2.2899312282,8.4406817215,4.8921258057,651
19592,151843,86351,-2.1822542112,8.4693955927,4.8885365718,652
19627,151881,86346,-2.237289131,8.427521197199999,4.7665026192,653
19651,151936,86362,-2.4191436486,8.2887374864,4.8430729424,654
19690,151890,86352,-2.3940190112999997,8.3401831723,4.8000021356,655
19754,151967,86372,-2.4119651808,8.3569329305,4.8311088294,656
19754,151998,86366,-2.1643080417,8.3808611565,4.8861437492,657
19787,151993,86370,-2.2444675988,8.3796647452,4.9076791526,658
19760,152034,86375,-2.1906290903,8.3952180921,4.8406801198,659
19731,152038,86354,-2.3401805028,8.3090764785,4.917250443,660
19608,151845,86344,-2.4131615921,8.2743805508,4.8430729424,661
19556,151888,86333,-2.1990039694,8.3748791,4.7964129017,662
19436,151810,86339,-2.1846470338,8.2516487361,4.9483571368,663
19432,151817,86336,-2.3186450994000003,8.3425759949,4.7904308452,664
19387,151816,86313,-2.1547367513,8.347361640099999,4.7425743932,665
19459,151834,86314,-2.2911276395,8.3772719226,4.7724846757,666
19516,151802,86324,-2.2552353005,8.4167534955,4.8646083458,667
19533,151875,86317,-2.1332013479,8.267202082999999,4.9471607255,668
19546,151756,86330,-2.1966111468,8.3413795836,4.883750926599999,669
19589,151855,86338,-2.3162522768000002,8.2983087768,4.8562334667,670
19505,151844,86330,-2.3497517932000003,8.2767733734,4.9232324995,671
19596,151818,86335,-2.2588245344,8.1990066389,4.9005006848,672
19672,151909,86340,-2.1918255016,8.4239319633,4.8382872972,673
19640,151896,86348,-2.285145583,8.3461652288,4.9088755639,674
19668,151923,86351,-2.3641087288000002,8.3210405915,4.881358104,675
19704,151987,86349,-2.2875384056,8.3353975271,4.953142782,676
19726,151932,86340,-2.3066809864,8.280362607299999,4.878965281399999,677
19731,151931,86338,-2.1738793321000003,8.3198441802,4.8382872972,678
19646,151911,86329,-2.2348963083999998,8.4095750277,4.9232324995,679
19513,151789,86302,-2.3940190112999997,8.3545401079,4.9375894351,680
19394,151719,86295,-2.3473589706,8.373682688699999,4.8406801198,681
19326,151676,86293,-2.1702900981999997,8.3054872446,4.8909293944,682
19346,151659,86281,-2.1834506225,8.4335032537,4.9639104837,683
19264,151649,86286,-2.2983061073,8.4143606729,4.9363930238,684
19366,151620,86293,-2.3138594542,8.3497544627,4.8550370553999995,685
19391,151648,86284,-2.1810577999,8.362914987,4.8430729424,686
19410,151674,86295,-2.3365912689,8.3617185757,4.8215375389999995,687
19395,151670,86286,-2.2480568327,8.3126657124,4.9028935074,688
19443,151671,86304,-2.3473589706,8.4143606729,4.782055966100001,689
19447,151701,86280,-2.2588245344,8.3294154706,4.9375894351,690
19479,151658,86295,-2.1690936869,8.3581293418,4.8430729424,691
19502,151729,86310,-2.2408783649,8.3234334141,4.9112683865,692
19542,151701,86305,-2.1750757434,8.3377903497,4.8945186283,693
19574,151724,86308,-2.1738793321000003,8.471788415299999,4.926821733400001,694
19614,151704,86313,-2.2636101795999997,8.3964145034,4.9148576204,695
19675,151799,86308,-2.3198415107,8.404789382499999,4.8921258057,696
19587,151780,86306,-2.3581266723,8.3282190593,4.8514478215,697
19474,151698,86298,-2.3341984463,8.3688970435,4.8897329831,698
19364,151638,86293,-2.4358934068,8.352147285300001,4.8311088294,699
19288,151587,86271,-2.3389840915,8.327022648,4.8622155232,700
19261,151500,86261,-2.3892333661,8.2995051881,4.8143590712,701
19271,151535,86261,-2.0997018315,8.3282190593,4.8550370553999995,702
19297,151526,86272,-2.3006989299,8.271987728200001,4.8957150396,703
19342,151552,86275,-2.1846470338,8.3078800672,4.8287160068,704
19368,151564,86261,-2.3976082452,8.3497544627,4.8000021356,705
19397,151572,86256,-2.3665015514,8.419146318100001,4.878965281399999,706
19408,151600,86266,-2.2193429615,8.3054872446,4.9148576204,707
19364,151609,86262,-2.3186450994000003,8.271987728200001,4.8741796362,708
19414,151597,86262,-2.3258235672,8.417949906799999,4.8430729424,709
19455,151593,86282,-2.2241286067,8.262416437799999,4.8478585876,710
19506,151634,86288,-2.3270199785,8.2995051881,4.8622155232,711
19438,151680,86278,-2.4000010678,8.419146318100001,4.869393991,712
19578,151705,86281,-2.4095723582,8.404789382499999,4.9196432655999995,713
19597,151726,86274,-2.3545374384,8.3365939384,4.8023949582,714
19618,151743,86284,-2.2815563491,8.4490566006,4.8191447164,715
19499,151677,86261,-2.3557338497,8.4239319633,4.8023949582,716
19371,151641,86258,-2.2516460665999998,8.254041558700001,4.9220360882000005,717
19294,151551,86267,-2.2660030021999997,8.3724862774,4.9782674193,718
19174,151530,86248,-2.3952154226,8.2743805508,4.883750926599999,719
19226,151514,86235,-2.3365912689,8.2289169214,4.9507499594,720
19289,151512,86230,-2.2935204621,8.3186477689,4.8945186283,721
19243,151515,86252,-2.4442682859,8.2839518412,4.8634119345,722
19347,151514,86229,-2.3521446158,8.3449688175,4.8311088294,723
19378,151533,86234,-2.3258235672,8.3078800672,4.7772703209000005,724
19384,151554,86243,-2.2707886474,8.2743805508,4.8717868136,725
19400,151482,86238,-2.3952154226,8.3724862774,4.9136612091,726
19419,151600,86242,-2.3282163898,8.262416437799999,4.9483571368,727
19417,151597,86259,-2.2456640101,8.271987728200001,4.8311088294,728
19472,151600,86249,-2.4550359876,8.4909309961,4.8741796362,729
19502,151640,86246,-2.2013967919999997,8.362914987,4.850251410199999,730
19537,151536,86242,-2.3318056236999998,8.3365939384,4.8670011684,731
19573,151706,86238,-2.3234307446,8.4299140198,4.9244289108,732
19597,151690,86266,-2.237289131,8.3964145034,4.6995035864000005,733
19584,151742,86252,-2.2755742926,8.3677006322,4.9304109673,734
19377,151623,86257,-2.3832513096,8.2384882118,4.8191447164,735
19325,151557,86227,-2.2217357841,8.3952180921,4.8897329831,736
19247,151507,86231,-2.2181465501999997,8.4299140198,4.929214556,737
19220,151445,86205,-2.3318056236999998,8.3461652288,4.8765724588,738
19202,151416,86210,-2.4275185276999998,8.419146318100001,4.878965281399999,739
19269,151460,86213,-2.4394826406999996,8.2983087768,4.7724846757,740
19306,151450,86200,-2.3772692530999997,8.2695949056,4.8263231842,741
19295,151440,86214,-2.2935204621,8.3557365192,4.8729832249000005,742
19348,151480,86215,-2.440679052,8.3054872446,4.9698925402,743
19365,151491,86212,-2.4454646972,8.4765740605,4.929214556,744
19389,151504,86212,-2.2755742926,8.3054872446,4.8969114509,745
19402,151543,86232,-2.2588245344,8.417949906799999,4.9375894351,746
19435,151568,86228,-2.1810577999,8.3294154706,4.797609313,747
19456,151603,86234,-2.2719850587,8.3413795836,4.8311088294,748
19523,151650,86254,-2.3054845751,8.2420774457,4.7964129017,749
19541,151660,86270,-2.225325018,8.3342011158,4.8598227006,750
19515,151696,86257,-2.1882362677000002,8.4287176085,4.8562334667,751
19603,151695,86267,-2.2085752598,8.3976109147,4.8215375389999995,752
19590,151719,86253,-2.2875384056,8.306683655899999,4.9148576204,753
19489,151691,86266,-2.2492532439999997,8.182256880699999,4.899304273499999,754
19363,151605,86251,-2.2540388892,8.3318082932,4.9340002012,755
19287,151532,86246,-2.2887348169,8.3413795836,4.8119662486,756
19214,151521,86241,-2.3401805028,8.3126657124,4.9100719752,757
19239,151485,86235,-2.3473589706,8.226524098799999,4.8000021356,758
19296,151552,86244,-2.3581266723,8.3748791,4.833501652,759
19250,151574,86251,-2.1667008643,8.3306118819,4.9782674193,760
19366,151514,86230,-2.4346969955,8.2612200265,4.9136612091,761
19392,151561,86241,-2.2671994135,8.471788415299999,4.8191447164,762
19401,151614,86259,-2.4418754632999997,8.3904324469,4.8011985469,763
19427,151509,86249,-2.2707886474,8.3342011158,4.8765724588,764
19509,151651,86264,-2.2145573163,8.3964145034,4.8717868136,765
19424,151615,86273,-2.2540388892,8.3533436966,4.878965281399999,766
19509,151647,86268,-2.2827527603999997,8.2863446638,4.8406801198,767
19555,151664,86267,-2.3138594542,8.2384882118,4.9112683865,768
19521,151719,86285,-2.2181465501999997,8.4358960763,4.869393991,769
19630,151745,86289,-2.2109680824,8.306683655899999,4.8646083458,770
19668,151778,86279,-2.3174486881,8.2863446638,4.7461636271,771
19626,151764,86290,-2.2815563491,8.2779697847,4.9854458871,772
19558,151714,86266,-2.1248264688,8.3258262367,4.8861437492,773
19465,151625,86265,-2.2875384056,8.3090764785,4.9555356046000005,774
19308,151591,86266,-2.2396819536,8.3318082932,4.8717868136,775
19322,151564,86247,-2.1547367513,8.2863446638,4.850251410199999,776
19314,151534,86261,-2.2743778813,8.316254946299999,4.8885365718,777
19349,151549,86261,-2.177468566,8.3617185757,4.8478585876,778
19383,151581,86269,-2.1930219129,8.3102728898,4.9495535481,779
19415,151595,86248,-2.2480568327,8.2289169214,4.850251410199999,780
19441,151505,86263,-2.2540388892,8.2839518412,4.9375894351,781
19455,151587,86267,-2.1870398563999998,8.2683984943,4.881358104,782
19471,151613,86268,-2.225325018,8.3401831723,4.9100719752,783
19479,151614,86257,-2.1906290903,8.4215391407,4.8670011684,784
19488,151626,86283,-2.3126630429,8.3724862774,4.869393991,785
19528,151632,86264,-2.3904297774,8.4514494232,4.8741796362,786
19560,151655,86278,-2.3114666316,8.3724862774,4.9686961289000005,787
19591,151654,86284,-2.2779671152,8.2600236152,4.9567320159,788
19628,151694,86287,-2.2492532439999997,8.391628858199999,5.0213382261,789
19644,151701,86266,-2.2468604214,8.410771439,4.8215375389999995,790
19619,151674,86281,-2.3126630429,8.3461652288,4.893322217,791
19402,151630,86278,-2.2839491717,8.3796647452,4.754538506199999,792
19364,151466,86250,-2.3796620756999998,8.3246298254,4.9507499594,793
19323,151463,86266,-2.2193429615,8.3365939384,4.8957150396,794
19254,151413,86236,-2.1667008643,8.281559018600001,4.9459643142,795
19259,151441,86256,-2.285145583,8.3007015994,4.9878387097,796
19303,151429,86249,-2.3617159062,8.3461652288,4.9160540317,797
19369,151469,86259,-2.2827527603999997,8.3413795836,4.8717868136,798
19369,151439,86264,-2.2145573163,8.3976109147,4.833501652,799
19383,151454,86246,-2.3425733254,8.2887374864,4.8430729424,800
19394,151523,86263,-2.1978075581,8.4490566006,4.9447679029,801
19415,151423,86275,-2.2492532439999997,8.3078800672,4.8885365718,802
19436,151482,86278,-2.3234307446,8.4143606729,4.8753760475,803
19457,151489,86275,-2.1834506225,8.3007015994,4.6133619728,804
19488,151510,86279,-2.1834506225,8.3007015994,4.6133619728,805
19518,151522,86270,-2.1834506225,8.3007015994,4.6133619728,806
19548,151548,86275,-2.1834506225,8.3007015994,4.6133619728,807
19582,151580,86264,-2.1834506225,8.3007015994,4.6133619728,808
19586,151600,86270,-2.1834506225,8.3007015994,4.6133619728,809
19500,151567,86271,-2.1834506225,8.3007015994,4.6133619728,810
19362,151505,86277,-2.1834506225,8.3007015994,4.6133619728,811
19252,151430,86265,-2.1834506225,8.3007015994,4.6133619728,812
19202,151374,86239,-2.1834506225,8.3007015994,4.6133619728,813
19192,151363,86246,-2.1834506225,8.3007015994,4.6133619728,814
19215,151363,86253,-2.1834506225,8.3007015994,4.6133619728,815
19256,151359,86266,-2.1834506225,8.3007015994,4.6133619728,816
19300,151378,86236,-2.1834506225,8.3007015994,4.6133619728,817
19320,151360,86235,-2.1834506225,8.3007015994,4.6133619728,818
19331,151397,86239,-2.1834506225,8.3007015994,4.6133619728,819
19348,151408,86237,-2.1834506225,8.3007015994,4.6133619728,820
19366,151441,86241,-2.1834506225,8.3007015994,4.6133619728,821
19385,151438,86262,-2.1834506225,8.3007015994,4.6133619728,822
19407,151457,86259,-2.1834506225,8.3007015994,4.6133619728,823
19442,151466,86264,-2.1834506225,8.3007015994,4.6133619728,824
19477,151517,86262,-2.1834506225,8.3007015994,4.6133619728,825
19505,151543,86254,-2.1834506225,8.3007015994,4.6133619728,826
19536,151586,86280,-2.1834506225,8.3007015994,4.6133619728,827
19532,151603,86284,-2.1834506225,8.3007015994,4.6133619728,828
19429,151569,86261,-2.1834506225,8.3007015994,4.6133619728,829
19300,151521,86247,-2.1834506225,8.3007015994,4.6133619728,830
19201,151432,86248,-2.1834506225,8.3007015994,4.6133619728,831
19160,151387,86259,-2.1834506225,8.3007015994,4.6133619728,832
19158,151393,86245,-2.1834506225,8.3007015994,4.6133619728,833
19188,151376,86240,-2.1834506225,8.3007015994,4.6133619728,834
19228,151386,86216,-2.1834506225,8.3007015994,4.6133619728,835
19264,151401,86216,-2.1834506225,8.3007015994,4.6133619728,836
19284,151400,86235,-2.1834506225,8.3007015994,4.6133619728,837
19301,151444,86238,-2.1834506225,8.3007015994,4.6133619728,838
19319,151448,86231,-2.1834506225,8.3007015994,4.6133619728,839
19353,151461,86249,-2.1834506225,8.3007015994,4.6133619728,840
19375,151486,86262,-2.1834506225,8.3007015994,4.6133619728,841
19407,151501,86244,-2.1834506225,8.3007015994,4.6133619728,842
19434,151503,86234,-2.1834506225,8.3007015994,4.6133619728,843
19462,151515,86220,-2.1834506225,8.3007015994,4.6133619728,844
19491,151559,86227,-2.1834506225,8.3007015994,4.6133619728,845
19622,151724,86312,-2.3186450994000003,8.3007015994,4.9519463707,846
19649,151755,86313,-2.3186450994000003,8.3007015994,4.9519463707,847
19672,151811,86298,-2.3186450994000003,8.3007015994,4.9519463707,848
19693,151815,86315,-2.3186450994000003,8.3007015994,4.9519463707,849
19721,151830,86344,-2.3186450994000003,8.3007015994,4.9519463707,850
19753,151869,86346,-2.3186450994000003,8.3007015994,4.9519463707,851
19784,151894,86358,-2.3186450994000003,8.3007015994,4.9519463707,852
19822,151915,86347,-2.3186450994000003,8.3007015994,4.9519463707,853
19858,151940,86371,-2.3186450994000003,8.3007015994,4.9519463707,854
19903,151972,86384,-2.3186450994000003,8.3007015994,4.9519463707,855
19918,152012,86375,-2.3186450994000003,8.3007015994,4.9519463707,856
19858,151978,86380,-2.3186450994000003,8.3007015994,4.9519463707,857
19741,151900,86369,-2.3186450994000003,8.3007015994,4.9519463707,858
19638,151854,86354,-2.3186450994000003,8.3007015994,4.9519463707,859
19589,151801,86354,-2.3186450994000003,8.3007015994,4.9519463707,860
19578,151792,86337,-2.3186450994000003,8.3007015994,4.9519463707,861
19589,151796,86349,-2.3186450994000003,8.3007015994,4.9519463707,862
19619,151831,86360,-2.3186450994000003,8.3007015994,4.9519463707,863
19646,151826,86354,-2.3186450994000003,8.3007015994,4.9519463707,864
19655,151809,86338,-2.3186450994000003,8.3007015994,4.9519463707,865
19647,151794,86337,-2.3186450994000003,8.3007015994,4.9519463707,866
19635,151792,86335,-2.3186450994000003,8.3007015994,4.9519463707,867
19632,151778,86320,-2.3186450994000003,8.3007015994,4.9519463707,868
19629,151761,86302,-2.3186450994000003,8.3007015994,4.9519463707,869
19638,151757,86304,-2.3186450994000003,8.3007015994,4.9519463707,870
19640,151733,86292,-2.2815563491,8.3377903497,4.883750926599999,871
19669,151726,86293,-2.2815563491,8.3377903497,4.883750926599999,872
19685,151716,86300,-2.2815563491,8.3377903497,4.883750926599999,873
19640,151734,86295,-2.2815563491,8.3377903497,4.883750926599999,874
19519,151673,86276,-2.2815563491,8.3377903497,4.883750926599999,875
19370,151567,86233,-2.2815563491,8.3377903497,4.883750926599999,876
19267,151489,86236,-2.2815563491,8.3377903497,4.883750926599999,877
19217,151429,86239,-2.2815563491,8.3377903497,4.883750926599999,878
19203,151415,86220,-2.2815563491,8.3377903497,4.883750926599999,879
19227,151392,86234,-2.2815563491,8.3377903497,4.883750926599999,880
19257,151410,86217,-2.2815563491,8.3377903497,4.883750926599999,881
19281,151379,86219,-2.2815563491,8.3377903497,4.883750926599999,882
19289,151388,86226,-2.2815563491,8.3377903497,4.883750926599999,883
19293,151394,86210,-2.2815563491,8.3377903497,4.883750926599999,884
19295,151396,86209,-2.2815563491,8.3377903497,4.883750926599999,885
19308,151391,86226,-2.2815563491,8.3377903497,4.883750926599999,886
19331,151443,86221,-2.2815563491,8.3377903497,4.883750926599999,887
19358,151473,86233,-2.2815563491,8.3377903497,4.883750926599999,888
19386,151461,86231,-2.2815563491,8.3377903497,4.883750926599999,889
19413,151485,86246,-2.2815563491,8.3377903497,4.883750926599999,890
19397,151505,86241,-2.2815563491,8.3377903497,4.883750926599999,891
19284,151458,86225,-2.2815563491,8.3377903497,4.883750926599999,892
19141,151309,86204,-2.2815563491,8.3377903497,4.883750926599999,893
19046,151263,86195,-2.2815563491,8.3377903497,4.883750926599999,894
19007,151243,86199,-2.2815563491,8.3377903497,4.883750926599999,895
19000,151227,86195,-2.2815563491,8.3377903497,4.883750926599999,896
19041,151238,86186,-2.4251257050999997,8.3832539791,4.9184468543,897
19090,151274,86203,-2.4251257050999997,8.3832539791,4.9184468543,898
19132,151299,86194,-2.4335005842,8.2767733734,4.857429878,899
19157,151303,86211,-2.3808584870000002,8.3234334141,4.883750926599999,900
19179,151301,86224,-2.3330020350000003,8.2755769621,4.9005006848,901
19206,151351,86228,-2.285145583,8.4239319633,4.8646083458,902
19236,151351,86223,-2.3377876802,8.3557365192,4.7617169740000005,903
19274,151381,86246,-2.3377876802,8.3557365192,4.7617169740000005,904
19315,151432,86233,-2.3377876802,8.3557365192,4.7617169740000005,905
19364,151480,86252,-2.3377876802,8.3557365192,4.7617169740000005,906
19416,151513,86278,-2.3377876802,8.3557365192,4.7617169740000005,907
19438,151572,86267,-2.3377876802,8.3557365192,4.7617169740000005,908
19381,151503,86266,-2.3377876802,8.3557365192,4.7617169740000005,909
19278,151430,86250,-2.3377876802,8.3557365192,4.7617169740000005,910
19210,151390,86242,-2.3377876802,8.3557365192,4.7617169740000005,911
19191,151407,86249,-2.3377876802,8.3557365192,4.7617169740000005,912
19210,151399,86229,-2.3377876802,8.3557365192,4.7617169740000005,913
19249,151454,86226,-2.3377876802,8.3557365192,4.7617169740000005,914
19307,151468,86268,-2.3377876802,8.3557365192,4.7617169740000005,915
19357,151517,86248,-2.4215364712,8.350950873999999,4.850251410199999,916
19428,151591,86270,-2.500499617,8.3306118819,4.9076791526,917
19351,151551,86278,-2.2576281231,8.2899338977,4.8526442328,918
19444,151585,86273,-2.4119651808,8.4095750277,4.8717868136,919
19506,151660,86309,-2.3114666316,8.3425759949,4.8885365718,920
19542,151681,86296,-2.3976082452,8.2863446638,4.816751893799999,921
19594,151705,86292,-2.3928226,8.2863446638,4.8287160068,922
19656,151795,86327,-2.2061824372,8.4143606729,4.9328037898999995,923
19641,151797,86314,-2.3377876802,8.3413795836,4.9136612091,924
19762,151834,86320,-2.3413769141,8.3665042209,4.8765724588,925
19765,151841,86340,-2.4538395763,8.4311104311,4.8143590712,926
19745,151813,86309,-2.3617159062,8.350950873999999,4.90528633,927
19679,151788,86300,-2.2564317118,8.3712898661,4.7952164904,928
19658,151820,86317,-2.3892333661,8.3665042209,4.917250443,929
19651,151820,86317,-2.3724836079,8.4000037373,4.8885365718,930
19678,151844,86331,-2.3258235672,8.2875410751,4.8430729424,931
19738,151875,86337,-2.4011974791,8.3880396243,4.8071806034,932
19789,151927,86341,-2.3557338497,8.3856468017,4.8035913695,933
19844,152001,86348,-2.3186450994000003,8.2755769621,4.8119662486,934
19915,151996,86346,-2.2241286067,8.1990066389,4.8741796362,935
19925,152028,86336,-2.3784656644,8.2253276875,4.893322217,936
19939,152030,86352,-2.3760728418,8.207381518,4.9196432655999995,937
20001,152100,86372,-2.3641087288000002,8.3760755113,4.9028935074,938
20052,152161,86379,-2.3126630429,8.2863446638,4.9316073786,939
20102,152165,86393,-2.356930261,8.3569329305,4.7449672158,940
20142,152199,86388,-2.4299113503,8.3174513576,4.9148576204,941
20115,152279,86397,-2.416750826,8.281559018600001,4.9184468543,942
20249,152313,86408,-2.2648065909,8.4526458345,4.9280181447,943
20314,152341,86418,-2.2707886474,8.3796647452,4.9603212498,944
20351,152379,86412,-2.3114666316,8.360522164399999,4.8969114509,945
20286,152372,86433,-2.2767707039,8.3102728898,4.7760739096,946
20268,152371,86420,-2.4107687694999997,8.4000037373,4.9304109673,947
20200,152341,86423,-2.3150558654999998,8.3126657124,4.8598227006,948
20232,152370,86435,-2.3485553819,8.4035929712,4.850251410199999,949
20285,152434,86443,-2.3341984463,8.3653078096,4.9758745967,950
20213,152441,86457,-2.3425733254,8.3174513576,4.8478585876,951
20325,152479,86443,-2.3306092124,8.4263247859,4.9088755639,952
20369,152493,86442,-2.2336998971,8.3007015994,4.8957150396,953
20397,152533,86457,-2.4179472373,8.360522164399999,4.881358104,954
20461,152546,86468,-2.2468604214,8.2241312762,4.9196432655999995,955
20358,152558,86458,-2.3617159062,8.4765740605,4.926821733400001,956
20457,152586,86479,-2.3784656644,8.3557365192,4.8550370553999995,957
20540,152635,86486,-2.3138594542,8.347361640099999,4.9734817741,958
20456,152646,86479,-2.1882362677000002,8.4430745441,4.8622155232,959
20553,152674,86477,-2.165504453,8.3808611565,4.8382872972,960
20616,152718,86497,-2.3018953412000003,8.2241312762,4.8478585876,961
20654,152736,86498,-2.3042881638,8.262416437799999,4.9005006848,962
20639,152755,86505,-2.2899312282,8.4035929712,4.9028935074,963
20705,152793,86516,-2.1738793321000003,8.446663778,4.9495535481,964
20738,152808,86503,-2.3006989299,8.338986761000001,4.7688954418,965
20760,152777,86506,-2.3006989299,8.2695949056,4.8215375389999995,966
20665,152734,86474,-2.1810577999,8.3653078096,4.8765724588,967
20580,152679,86458,-2.0685951377,8.3007015994,4.9064827413000005,968
20517,152656,86484,-2.0853448959,8.2767733734,4.893322217,969
20483,152657,86473,-2.2097716711,8.2576307926,4.8000021356,970
20471,152671,86486,-2.1966111468,8.3007015994,4.8741796362,971
20471,152696,86487,-2.1379869930999997,8.2851482525,4.754538506199999,972
20486,152732,86479,-2.2181465501999997,8.4789668831,4.8670011684,973
20481,152744,86477,-2.1726829208,8.2959159542,4.8634119345,974
20483,152706,86473,-2.2408783649,8.4000037373,4.8550370553999995,975
20379,152709,86474,-2.1547367513,8.2731841395,4.9567320159,976
20445,152708,86479,-2.2360927197000002,8.3904324469,4.8897329831,977
20453,152719,86468,-2.1930219129,8.3294154706,4.9100719752,978
20466,152768,86467,-2.3712871966,8.1846497033,4.883750926599999,979
20428,152720,86471,-2.2815563491,8.3856468017,4.8909293944,980
20476,152758,86470,-2.3485553819,8.3425759949,4.9232324995,981
20476,152755,86487,-2.1978075581,8.3748791,4.869393991,982
20377,152722,86480,-2.1882362677000002,8.5124663995,4.90528633,983
20487,152787,86471,-2.2863419943,8.2839518412,4.881358104,984
20501,152755,86464,-2.3593230836,8.4239319633,4.8957150396,985
20500,152799,86470,-2.2265214293,8.2851482525,4.7688954418,986
20445,152697,86468,-2.3712871966,8.4311104311,4.8526442328,987
20307,152678,86454,-2.4335005842,8.3760755113,4.8478585876,988
20137,152459,86441,-2.2121644937,8.3856468017,4.8586262893,989
19998,152481,86413,-2.3844477209,8.3760755113,4.8646083458,990
19857,152481,86406,-2.3102702203,8.3844503904,4.809573426,991
19849,152436,86405,-2.3234307446,8.3294154706,4.9208396769,992
19792,152416,86393,-2.3186450994000003,8.4430745441,4.9363930238,993
19813,152461,86406,-2.3186450994000003,8.3198441802,4.8358944746,994
19809,152429,86391,-2.3952154226,8.3078800672,4.8681975797,995
19795,152393,86387,-2.2588245344,8.316254946299999,4.9076791526,996
19735,152402,86382,-2.2013967919999997,8.3102728898,4.8873401605,997
19752,152386,86386,-2.2241286067,8.291130309,4.845465765,998
19751,152356,86380,-2.2983061073,8.3437724062,4.9232324995,999
19753,152408,86379,-2.2660030021999997,8.2983087768,4.8358944746,1000
19768,152364,86382,-2.4370898181,8.3892360356,4.8741796362,1001
19776,152387,86395,-2.3330020350000003,8.3545401079,4.8358944746,1002
19789,152391,86381,-2.2779671152,8.3760755113,4.9136612091,1003
19826,152379,86384,-2.3162522768000002,8.3461652288,4.8215375389999995,1004
19777,152410,86383,-2.3976082452,8.3413795836,4.8741796362,1005
19829,152403,86387,-2.2791635265,8.2959159542,4.8071806034,1006
19847,152458,86383,-2.2193429615,8.3844503904,4.8191447164,1007
19814,152442,86381,-2.4059831243,8.3617185757,4.8777688701,1008
19686,152349,86377,-2.3377876802,8.1535430095,4.8287160068,1009
19508,152249,86359,-2.368894374,8.3593257531,4.9112683865,1010
19359,152194,86330,-2.3186450994000003,8.4358960763,4.917250443,1011
19266,152141,86320,-2.2540388892,8.4658063588,4.8358944746,1012
19242,152084,86322,-2.2695922361,8.316254946299999,4.8622155232,1013
19244,152094,86316,-2.3533410271,8.5028951091,4.881358104,1014
19273,152093,86347,-2.2600209457,8.3282190593,4.850251410199999,1015
19290,152101,86338,-2.2576281231,8.3533436966,4.9005006848,1016
19306,152067,86340,-2.3150558654999998,8.2863446638,4.8287160068,1017
19310,152078,86345,-2.3509482045,8.3174513576,4.9244289108,1018
19307,152072,86340,-2.3557338497,8.3820575678,4.844269353700001,1019
19315,152114,86349,-2.2743778813,8.360522164399999,4.9244289108,1020
19250,152120,86337,-2.3976082452,8.4909309961,4.8263231842,1021
19337,152133,86350,-2.4000010678,8.3677006322,4.8598227006,1022
19378,152151,86340,-2.2241286067,8.2660056717,4.8717868136,1023
19303,152159,86370,-2.3294128011,8.4382888989,4.8526442328,1024
19430,152216,86366,-2.261217357,8.2480595022,4.7748774982999995,1025
19349,152200,86360,-2.2588245344,8.243273857,4.8191447164,1026
19454,152243,86387,-2.1511475174,8.410771439,4.941178669,1027
19493,152239,86384,-2.2887348169,8.2959159542,4.9088755639,1028
19517,152324,86387,-2.2719850587,8.3569329305,4.878965281399999,1029
19534,152203,86383,-2.3150558654999998,8.4646099475,4.9076791526,1030
19574,152282,86405,-2.3066809864,8.3102728898,4.7760739096,1031
19359,152261,86378,-2.3258235672,8.2576307926,4.8358944746,1032
19282,152145,86359,-2.3306092124,8.3748791,4.7760739096,1033
19131,152113,86343,-2.2480568327,8.3832539791,4.9758745967,1034
19046,152010,86342,-2.321037922,8.338986761000001,4.9005006848,1035
18959,152004,86335,-2.356930261,8.3282190593,4.9040899186999996,1036
19017,151979,86341,-2.3138594542,8.294719542900001,4.878965281399999,1037
19056,152022,86342,-2.4275185276999998,8.2695949056,4.8765724588,1038
19029,152001,86348,-2.3042881638,8.445467366699999,4.8861437492,1039
19068,152001,86353,-2.2396819536,8.3377903497,4.9064827413000005,1040
19133,152028,86341,-2.3353948576,8.362914987,4.9316073786,1041
19138,152050,86363,-2.3473589706,8.281559018600001,4.8981078622,1042
19157,152044,86368,-2.297109696,8.3976109147,4.9591248385,1043
19219,152099,86364,-2.3928226,8.2037922841,4.926821733400001,1044
19201,152092,86359,-2.3964118339,8.405985793800001,4.90528633,1045
19234,152106,86391,-2.2289142519,8.427521197199999,4.878965281399999,1046
19263,152107,86379,-2.2755742926,8.3007015994,4.8598227006,1047
19296,152167,86375,-2.3413769141,8.4215391407,4.8741796362,1048
19338,152203,86409,-2.3952154226,8.2923267203,4.9698925402,1049
19378,152215,86406,-2.3401805028,8.267202082999999,4.8478585876,1050
19417,152286,86421,-2.2875384056,8.315058535,4.9328037898999995,1051
19446,152343,86419,-2.2456640101,8.3186477689,4.9435714916,1052
19486,152340,86431,-2.3473589706,8.3557365192,4.9387858464,1053
19508,152397,86431,-2.2719850587,8.4789668831,4.9375894351,1054
19548,152430,86446,-2.237289131,8.3533436966,4.8287160068,1055
19521,152354,86431,-2.3174486881,8.2456666796,4.869393991,1056
19388,152391,86451,-2.2815563491,8.3976109147,4.8945186283,1057
19303,152335,86451,-2.3318056236999998,8.271987728200001,4.9232324995,1058
19232,152307,86438,-2.2432711875,8.386843213,4.90528633,1059
19219,152281,86446,-2.2887348169,8.169096356399999,4.883750926599999,1060
19276,152306,86437,-2.3904297774,8.3497544627,4.7904308452,1061
19281,152332,86443,-2.2815563491,8.373682688699999,4.7653062079,1062
19339,152326,86460,-2.297109696,8.3653078096,4.8969114509,1063
19385,152357,86457,-2.2025932033,8.2839518412,4.9423750803,1064
19421,152384,86453,-2.3521446158,8.338986761000001,4.9591248385,1065
19445,152410,86467,-2.1355941704999997,8.2959159542,4.9375894351,1066
19485,152456,86490,-2.2384855423,8.2863446638,4.8646083458,1067
19518,152464,86479,-2.3868405435,8.2468630909,4.9591248385,1068
19565,152519,86494,-2.2265214293,8.338986761000001,4.8191447164,1069
19606,152534,86495,-2.2277178406,8.3653078096,4.8610191119,1070
19671,152585,86511,-2.2420747762,8.4263247859,4.9567320159,1071
19680,152588,86519,-2.2803599377999997,8.364111398299999,4.8646083458,1072
19753,152646,86521,-2.237289131,8.280362607299999,4.9136612091,1073
19799,152704,86538,-2.2073788485,8.249255913499999,4.9220360882000005,1074
19847,152606,86544,-2.3018953412000003,8.4035929712,4.9220360882000005,1075
19918,152757,86561,-2.3126630429,8.529216157699999,4.941178669,1076
19897,152783,86573,-2.1667008643,8.422735552,4.9830530645,1077
19973,152822,86566,-2.2743778813,8.3724862774,4.9208396769,1078
19963,152828,86568,-2.2181465501999997,8.239684623099999,4.9196432655999995,1079
19772,152747,86550,-2.3066809864,8.3808611565,4.9160540317,1080
19810,152739,86568,-2.237289131,8.3461652288,4.9459643142,1081
19791,152726,86567,-2.2145573163,8.3760755113,4.9100719752,1082
19700,152755,86556,-2.2061824372,8.280362607299999,4.9387858464,1083
19798,152758,86567,-2.2432711875,8.4083786164,4.878965281399999,1084
19852,152764,86558,-2.1786649773,8.4131642616,4.797609313,1085
19887,152825,86559,-2.2492532439999997,8.3557365192,4.8957150396,1086
19923,152702,86569,-2.2504496553,8.3952180921,4.8801616927,1087
19938,152784,86559,-2.0638094925,8.254041558700001,4.9100719752,1088
19912,152802,86576,-2.1966111468,8.293523131599999,4.9005006848,1089
19969,152794,86576,-2.1559331626,8.434699665,4.9734817741,1090
20002,152827,86563,-2.3353948576,8.3677006322,4.8323052407,1091
19935,152822,86570,-2.3102702203,8.360522164399999,4.8921258057,1092
20033,152864,86565,-2.2827527603999997,8.4143606729,4.8023949582,1093
20077,152865,86576,-2.3042881638,8.3688970435,4.8514478215,1094
20111,152956,86591,-2.1954147355,8.3342011158,4.899304273499999,1095
20138,152838,86583,-2.2432711875,8.2863446638,4.917250443,1096
20180,152942,86591,-2.2145573163,8.4406817215,4.9316073786,1097
20203,152951,86600,-2.2301106632,8.185846114599999,4.893322217,1098
20131,152992,86596,-2.2420747762,8.3425759949,4.8287160068,1099
20146,152964,86600,-2.3509482045,8.3138621237,4.9375894351,1100
20100,152913,86590,-2.3234307446,8.4287176085,4.857429878,1101
19896,152889,86584,-2.2181465501999997,8.3581293418,4.844269353700001,1102
19938,152873,86580,-2.2360927197000002,8.3413795836,4.893322217,1103
19903,152830,86587,-2.3521446158,8.2576307926,4.9495535481,1104
19892,152833,86573,-2.2803599377999997,8.391628858199999,4.9124647978,1105
19898,152779,86573,-2.3150558654999998,8.267202082999999,4.8358944746,1106
19920,152814,86563,-2.2313070745,8.3700934548,4.8382872972,1107
19930,152793,86582,-2.3653051401,8.4000037373,4.8586262893,1108
19931,152821,86562,-2.3497517932000003,8.4430745441,4.9232324995,1109
19940,152757,86567,-2.2959132847,8.542376681999999,4.9304109673,1110
19973,152834,86570,-2.3413769141,8.2983087768,4.8765724588,1111
19951,152816,86563,-2.2301106632,8.303094422,4.9124647978,1112
19914,152838,86584,-2.3330020350000003,8.3533436966,4.8394837085,1113
19977,152840,86568,-2.3186450994000003,8.2971123655,4.9399822577,1114
19987,152856,86574,-2.3353948576,8.352147285300001,4.8622155232,1115
20020,152875,86589,-2.4514467537,8.3976109147,4.9028935074,1116
20030,152879,86576,-2.2707886474,8.2420774457,4.990231532299999,1117
20024,152879,86585,-2.3258235672,8.3688970435,4.8191447164,1118
20060,152906,86583,-2.4023938904,8.315058535,4.8670011684,1119
20014,152881,86569,-2.321037922,8.2480595022,4.9076791526,1120
19895,152787,86563,-2.2815563491,8.25523797,4.8861437492,1121
19829,152819,86548,-2.2289142519,8.3760755113,4.9028935074,1122
19693,152756,86545,-2.3114666316,8.360522164399999,4.9471607255,1123
19564,152666,86521,-2.3246271559,8.3796647452,4.9495535481,1124
19637,152637,86512,-2.3796620756999998,8.405985793800001,4.8622155232,1125
19578,152628,86522,-2.297109696,8.3007015994,4.7533420949,1126
19607,152666,86517,-2.2803599377999997,8.2707913169,4.9854458871,1127
19621,152585,86513,-2.3401805028,8.3700934548,4.9340002012,1128
19647,152627,86526,-2.356930261,8.3497544627,4.8981078622,1129
19628,152660,86512,-2.3473589706,8.3940216808,4.8311088294,1130
19531,152651,86520,-2.3676979627,8.4119678503,4.8765724588,1131
19618,152656,86507,-2.368894374,8.3306118819,4.8909293944,1132
19644,152683,86530,-2.3330020350000003,8.3413795836,4.8490549989,1133
19659,152650,86516,-2.2564317118,8.327022648,4.8777688701,1134
19718,152706,86516,-2.2791635265,8.4095750277,4.8741796362,1135
19603,152705,86540,-2.2767707039,8.3294154706,4.9471607255,1136
19700,152712,86533,-2.3353948576,8.4263247859,4.8311088294,1137
19750,152786,86520,-2.3186450994000003,8.4765740605,4.8119662486,1138
19763,152773,86533,-2.1822542112,8.3461652288,4.8406801198,1139
19702,152760,86518,-2.2719850587,8.315058535,4.9005006848,1140
19594,152677,86513,-2.3030917525,8.293523131599999,4.8526442328,1141
19388,152591,86495,-2.2947168733999996,8.3808611565,4.8538406441,1142
19345,152527,86476,-2.3126630429,8.281559018600001,4.8215375389999995,1143
19313,152488,86477,-2.4023938904,8.4035929712,4.8861437492,1144
19307,152431,86472,-2.3138594542,8.398807326,4.8526442328,1145
19322,152457,86478,-2.3318056236999998,8.404789382499999,4.7688954418,1146
19342,152487,86471,-2.368894374,8.373682688699999,4.9232324995,1147
19369,152464,86461,-2.4083759468999997,8.3569329305,4.8239303616,1148
19395,152517,86461,-2.344966148,8.327022648,4.9519463707,1149
19378,152476,86482,-2.4023938904,8.2576307926,4.9507499594,1150
19389,152478,86493,-2.2265214293,8.3246298254,4.7832523774,1151
19346,152515,86469,-2.3545374384,8.316254946299999,4.9483571368,1152
19419,152493,86485,-2.3162522768000002,8.315058535,4.9567320159,1153
19436,152554,86499,-2.3581266723,8.252845147399999,4.8299124181,1154
19408,152569,86475,-2.416750826,8.5016986978,4.9387858464,1155
19517,152569,86502,-2.4179472373,8.5076807543,4.9088755639,1156
19528,152601,86507,-2.3066809864,8.3796647452,4.8526442328,1157
19561,152588,86501,-2.3162522768000002,8.4358960763,4.9974100001,1158
19515,152651,86512,-2.3150558654999998,8.2289169214,4.7306102802,1159
19537,152671,86512,-2.3330020350000003,8.3258262367,4.883750926599999,1160
19427,152598,86476,-2.3641087288000002,8.2169528084,4.8861437492,1161
19290,152499,86474,-2.3904297774,8.4143606729,4.9363930238,1162
19195,152321,86444,-2.2480568327,8.3569329305,4.9998028226999995,1163
19164,152395,86444,-2.3760728418,8.3222370028,4.8263231842,1164
19158,152361,86459,-2.3892333661,8.4526458345,4.9005006848,1165
19200,152343,86464,-2.2935204621,8.2337025666,4.833501652,1166
19270,152429,86459,-2.3162522768000002,8.3461652288,5.0021956453,1167
19271,152432,86471,-2.3306092124,8.3210405915,4.8239303616,1168
19309,152442,86478,-2.3138594542,8.398807326,4.9567320159,1169
19304,152481,86488,-2.3330020350000003,8.3700934548,4.90528633,1170
19360,152497,86482,-2.309073809,8.2468630909,4.90528633,1171
19332,152501,86485,-2.3700907853,8.2133635745,4.883750926599999,1172
19358,152503,86490,-2.3246271559,8.3581293418,4.8287160068,1173
19417,152565,86496,-2.1714865095,8.281559018600001,4.9088755639,1174
19416,152574,86517,-2.5016960283,8.3413795836,4.9244289108,1175
19502,152638,86521,-2.4251257050999997,8.2755769621,4.8382872972,1176
19487,152627,86520,-2.1690936869,8.5100735769,4.9375894351,1177
19525,152637,86513,-2.2325034857999997,8.463413536200001,4.833501652,1178
19548,152671,86536,-2.3437697367,8.404789382499999,4.8478585876,1179
19486,152656,86504,-2.3234307446,8.303094422,4.8741796362,1180
19361,152603,86516,-2.2408783649,8.3186477689,4.8741796362,1181
19234,152506,86477,-2.285145583,8.315058535,4.9567320159,1182
19181,152430,86476,-2.2289142519,8.3078800672,4.9100719752,1183
19141,152431,86474,-2.3485553819,8.262416437799999,4.8622155232,1184
19154,152346,86479,-2.2959132847,8.459824302300001,4.869393991,1185
19193,152385,86478,-2.2516460665999998,8.373682688699999,4.7832523774,1186
19238,152415,86492,-2.2755742926,8.3581293418,4.9878387097,1187
19177,152407,86484,-2.297109696,8.3748791,4.9914279436,1188
19303,152452,86486,-2.2540388892,8.2887374864,4.857429878,1189
19300,152445,86475,-2.3138594542,8.4239319633,4.9387858464,1190
19300,152462,86492,-2.1487546948,8.4215391407,4.9244289108,1191
19325,152526,86478,-2.3186450994000003,8.303094422,4.9686961289000005,1192
19397,152526,86494,-2.165504453,8.2767733734,4.869393991,1193
19376,152525,86521,-2.237289131,8.2827554299,4.878965281399999,1194
19412,152512,86531,-2.3497517932000003,8.3222370028,4.8741796362,1195
19348,152584,86515,-2.1547367513,8.2480595022,4.9028935074,1196
19485,152582,86525,-2.0781664281,8.4765740605,4.8705904022999995,1197
19508,152561,86528,-2.213360905,8.551947972399999,4.8239303616,1198
19444,152578,86524,-2.3485553819,8.3174513576,4.878965281399999,1199
19389,152516,86499,-2.2671994135,8.3007015994,4.7808595548,1200
19212,152412,86483,-2.2540388892,8.3964145034,4.8957150396,1201
19106,152213,86463,-2.237289131,8.459824302300001,4.8717868136,1202
18956,152274,86448,-2.2959132847,8.231309744,4.9184468543,1203
19056,152240,86446,-2.2683958248,8.4023965599,4.8047877808,1204
19089,152315,86443,-2.2193429615,8.3712898661,4.878965281399999,1205
19129,152301,86446,-2.2995025186,8.3724862774,4.8287160068,1206
19158,152262,86468,-2.344966148,8.2648092604,4.7712882644,1207
19174,152257,86457,-2.2660030021999997,8.281559018600001,4.8239303616,1208
19180,152243,86459,-2.3545374384,8.252845147399999,4.8969114509,1209
19190,152189,86471,-2.2755742926,8.3688970435,4.8466621763,1210
19200,152212,86457,-2.2576281231,8.3581293418,4.8885365718,1211
19230,152289,86480,-2.2193429615,8.4430745441,4.8227339503,1212
19256,152284,86474,-2.3533410271,8.2480595022,4.8311088294,1213
19285,152308,86462,-2.2995025186,8.262416437799999,4.9340002012,1214
19322,152341,86480,-2.1882362677000002,8.4071822051,4.929214556,1215
19344,152361,86490,-2.2002003807,8.445467366699999,4.8981078622,1216
19353,152282,86479,-2.1978075581,8.386843213,4.9328037898999995,1217
19181,152328,86455,-2.3078773977,8.3042908333,4.8311088294,1218
19137,152182,86441,-2.3641087288000002,8.2588272039,4.8849473379,1219
19027,152089,86422,-2.3916261887,8.2755769621,4.9579284272,1220
18959,152034,86415,-2.4837498588,8.445467366699999,4.9088755639,1221
18973,152021,86418,-2.2456640101,8.2743805508,4.8382872972,1222
18982,152019,86395,-2.2707886474,8.254041558700001,4.9304109673,1223
18981,152020,86398,-2.2875384056,8.2612200265,4.7796631435,1224
19066,152049,86418,-2.285145583,8.404789382499999,4.8406801198,1225
19100,152048,86413,-2.2145573163,8.254041558700001,4.8861437492,1226
19126,152013,86416,-2.3784656644,8.3007015994,4.9100719752,1227
19096,152088,86418,-2.2815563491,8.3198441802,4.9196432655999995,1228
19163,152092,86436,-2.3138594542,8.4263247859,4.90528633,1229
19192,152123,86433,-2.3282163898,8.207381518,4.8406801198,1230
19216,152153,86447,-2.3976082452,8.3533436966,4.9375894351,1231
19263,152108,86450,-2.4119651808,8.3449688175,4.8119662486,1232
19299,152195,86453,-2.3832513096,8.4909309961,4.883750926599999,1233
19342,152235,86452,-2.3162522768000002,8.4885381735,4.9340002012,1234
19375,152235,86460,-2.2336998971,8.2899338977,4.8047877808,1235
19315,152216,86445,-2.3665015514,8.240881034400001,4.8358944746,1236
19251,152159,86441,-2.2887348169,8.3294154706,4.8538406441,1237
19141,152067,86425,-2.2516460665999998,8.1990066389,4.9399822577,1238
19109,152015,86424,-2.2588245344,8.303094422,4.8023949582,1239
19079,152042,86417,-2.2037896146,8.3342011158,4.8263231842,1240
19138,152013,86408,-2.3377876802,8.3557365192,4.893322217,1241
19183,152037,86421,-2.2863419943,8.327022648,4.8825545153,1242
19242,152089,86425,-2.2420747762,8.362914987,4.869393991,1243
19278,152149,86419,-2.3413769141,8.4035929712,4.8646083458,1244
19310,152121,86443,-2.3018953412000003,8.3772719226,5.0045884679,1245
19362,152159,86442,-2.356930261,8.204988695399999,4.9124647978,1246
19371,152178,86439,-2.3832513096,8.4215391407,4.8849473379,1247
19408,152137,86458,-2.3629123174999997,8.3976109147,4.9005006848,1248
19493,152250,86459,-2.2875384056,8.2887374864,4.9399822577,1249
19495,152250,86487,-2.3976082452,8.3174513576,4.833501652,1250
19542,152297,86484,-2.3222343333,8.3401831723,4.9005006848,1251
19484,152350,86488,-2.2935204621,8.3856468017,4.8478585876,1252
19642,152365,86501,-2.3593230836,8.2863446638,4.8382872972,1253
19649,152374,86500,-2.3306092124,8.3246298254,4.9184468543,1254
19596,152370,86488,-2.3377876802,8.4287176085,4.8430729424,1255
19519,152255,86485,-2.3413769141,8.3581293418,5.0021956453,1256
19468,152280,86481,-2.3641087288000002,8.293523131599999,4.857429878,1257
19471,152277,86476,-2.3162522768000002,8.1966138163,4.7760739096,1258
19504,152279,86477,-2.3760728418,8.262416437799999,4.9064827413000005,1259
19539,152285,86477,-2.3521446158,8.4131642616,4.8777688701,1260
19587,152307,86495,-2.4658036893,8.4000037373,4.8861437492,1261
19634,152305,86478,-2.3928226,8.4143606729,4.9148576204,1262
19659,152325,86482,-2.3330020350000003,8.3126657124,4.8670011684,1263
19693,152281,86477,-2.2827527603999997,8.2899338977,4.8885365718,1264
19655,152393,86496,-2.2935204621,8.4287176085,4.878965281399999,1265
19763,152435,86506,-2.2803599377999997,8.360522164399999,4.9136612091,1266
19802,152424,86505,-2.4083759468999997,8.3282190593,4.850251410199999,1267
19846,152414,86511,-2.2899312282,8.327022648,4.990231532299999,1268
19937,152580,86523,-2.2241286067,8.3222370028,4.8000021356,1269
19928,152565,86525,-2.297109696,8.482556117,4.881358104,1270
19967,152616,86531,-2.3030917525,8.4418781328,4.9387858464,1271
20018,152649,86536,-2.1308085253,8.3222370028,4.7784667322,1272
20019,152662,86528,-2.2863419943,8.231309744,4.8670011684,1273
19973,152582,86531,-2.2887348169,8.4251283746,4.7952164904,1274
19919,152680,86539,-2.3425733254,8.3413795836,4.883750926599999,1275
19867,152597,86540,-2.3521446158,8.3880396243,4.9208396769,1276
19871,152561,86526,-2.368894374,8.2301133327,4.878965281399999,1277
19887,152577,86534,-2.368894374,8.2301133327,4.878965281399999,1278
19922,152572,86523,-2.368894374,8.2301133327,4.878965281399999,1279
19957,152619,86535,-2.368894374,8.2301133327,4.878965281399999,1280
19990,152632,86540,-2.368894374,8.2301133327,4.878965281399999,1281
20011,152653,86545,-2.368894374,8.2301133327,4.878965281399999,1282
20035,152701,86554,-2.368894374,8.2301133327,4.878965281399999,1283
20059,152709,86560,-2.368894374,8.2301133327,4.878965281399999,1284
20086,152770,86556,-2.368894374,8.2301133327,4.878965281399999,1285
20113,152762,86574,-2.368894374,8.2301133327,4.878965281399999,1286
20138,152787,86583,-2.368894374,8.2301133327,4.878965281399999,1287
20170,152793,86582,-2.368894374,8.2301133327,4.878965281399999,1288
20201,152856,86597,-2.368894374,8.2301133327,4.878965281399999,1289
20236,152887,86595,-2.368894374,8.2301133327,4.878965281399999,1290
20259,152918,86601,-2.368894374,8.2301133327,4.878965281399999,1291
20246,152915,86587,-2.368894374,8.2301133327,4.878965281399999,1292
20169,152877,86594,-2.368894374,8.2301133327,4.878965281399999,1293
20073,152817,86588,-2.368894374,8.2301133327,4.878965281399999,1294
20000,152810,86577,-2.368894374,8.2301133327,4.878965281399999,1295
19960,152792,86571,-2.368894374,8.2301133327,4.878965281399999,1296
19949,152774,86582,-2.368894374,8.2301133327,4.878965281399999,1297
19956,152788,86556,-2.368894374,8.2301133327,4.878965281399999,1298
19973,152790,86561,-2.368894374,8.2301133327,4.878965281399999,1299
19979,152771,86551,-2.368894374,8.2301133327,4.878965281399999,1300
19986,152792,86569,-2.368894374,8.2301133327,4.878965281399999,1301
19982,152806,86572,-2.368894374,8.2301133327,4.878965281399999,1302
19990,152808,86564,-2.368894374,8.2301133327,4.878965281399999,1303
19995,152811,86559,-2.368894374,8.2301133327,4.878965281399999,1304
20006,152846,86590,-2.368894374,8.2301133327,4.878965281399999,1305
20021,152862,86589,-2.368894374,8.2301133327,4.878965281399999,1306
20039,152864,86572,-2.368894374,8.2301133327,4.878965281399999,1307
20055,152872,86583,-2.368894374,8.2301133327,4.878965281399999,1308
20077,152879,86581,-2.368894374,8.2301133327,4.878965281399999,1309
20092,152900,86574,-2.368894374,8.2301133327,4.878965281399999,1310
20053,152923,86565,-2.368894374,8.2301133327,4.878965281399999,1311
19935,152854,86554,-2.368894374,8.2301133327,4.878965281399999,1312
19786,152747,86547,-2.368894374,8.2301133327,4.878965281399999,1313
19663,152680,86520,-2.368894374,8.2301133327,4.878965281399999,1314
19592,152625,86514,-2.368894374,8.2301133327,4.878965281399999,1315
19562,152604,86507,-2.368894374,8.2301133327,4.878965281399999,1316
19563,152584,86511,-2.368894374,8.2301133327,4.878965281399999,1317
19581,152593,86515,-2.368894374,8.2301133327,4.878965281399999,1318
19648,152592,86532,-2.356930261,8.3724862774,4.8646083458,1319
19666,152608,86534,-2.356930261,8.3724862774,4.8646083458,1320
19692,152637,86527,-2.356930261,8.3724862774,4.8646083458,1321
19700,152626,86528,-2.356930261,8.3724862774,4.8646083458,1322
19611,152615,86516,-2.356930261,8.3724862774,4.8646083458,1323
19465,152481,86503,-2.356930261,8.3724862774,4.8646083458,1324
19321,152407,86475,-2.356930261,8.3724862774,4.8646083458,1325
19234,152342,86453,-2.356930261,8.3724862774,4.8646083458,1326
19199,152273,86476,-2.356930261,8.3724862774,4.8646083458,1327
19202,152285,86461,-2.356930261,8.3724862774,4.8646083458,1328
19231,152277,86447,-2.356930261,8.3724862774,4.8646083458,1329
19265,152285,86468,-2.356930261,8.3724862774,4.8646083458,1330
19289,152294,86467,-2.356930261,8.3724862774,4.8646083458,1331
19296,152312,86479,-2.356930261,8.3724862774,4.8646083458,1332
19301,152293,86471,-2.356930261,8.3724862774,4.8646083458,1333
19308,152317,86478,-2.356930261,8.3724862774,4.8646083458,1334
19323,152339,86458,-2.356930261,8.3724862774,4.8646083458,1335
19347,152339,86477,-2.356930261,8.3724862774,4.8646083458,1336
19368,152361,86469,-2.356930261,8.3724862774,4.8646083458,1337
19401,152363,86491,-2.356930261,8.3724862774,4.8646083458,1338
19432,152415,86485,-2.356930261,8.3724862774,4.8646083458,1339
19457,152397,86502,-2.356930261,8.3724862774,4.8646083458,1340
19448,152423,86502,-2.356930261,8.3724862774,4.8646083458,1341
19340,152362,86471,-2.356930261,8.3724862774,4.8646083458,1342
19194,152254,86470,-2.356930261,8.3724862774,4.8646083458,1343
19078,152166,86441,-2.356930261,8.3724862774,4.8646083458,1344
19026,152108,86427,-2.356930261,8.3724862774,4.8646083458,1345
19017,152102,86445,-2.356930261,8.3724862774,4.8646083458,1346
19045,152088,86433,-2.356930261,8.3724862774,4.8646083458,1347
19097,152137,86440,-2.356930261,8.3724862774,4.8646083458,1348
19132,152128,86444,-2.356930261,8.3724862774,4.8646083458,1349
19144,152148,86427,-2.356930261,8.3724862774,4.8646083458,1350
19157,152156,86437,-2.356930261,8.3724862774,4.8646083458,1351
19168,152155,86462,-2.356930261,8.3724862774,4.8646083458,1352
19182,152160,86459,-2.356930261,8.3724862774,4.8646083458,1353
19205,152184,86463,-2.356930261,8.3724862774,4.8646083458,1354
19234,152245,86474,-2.356930261,8.3724862774,4.8646083458,1355
19256,152218,86478,-2.356930261,8.3724862774,4.8646083458,1356
19297,152253,86466,-2.356930261,8.3724862774,4.8646083458,1357
19331,152269,86473,-2.356930261,8.3724862774,4.8646083458,1358
19362,152328,86482,-2.356930261,8.3724862774,4.8646083458,1359
19383,152328,86472,-2.356930261,8.3724862774,4.8646083458,1360
19690,152500,86512,-2.2600209457,8.4406817215,4.9974100001,1361
19740,152544,86531,-2.2600209457,8.4406817215,4.9974100001,1362
19785,152556,86529,-2.2600209457,8.4406817215,4.9974100001,1363
19839,152595,86528,-2.2600209457,8.4406817215,4.9974100001,1364
19879,152605,86540,-2.2600209457,8.4406817215,4.9974100001,1365
19893,152625,86542,-2.2600209457,8.4406817215,4.9974100001,1366
19837,152597,86542,-2.2600209457,8.4406817215,4.9974100001,1367
19764,152575,86541,-2.2600209457,8.4406817215,4.9974100001,1368
19696,152501,86540,-2.2600209457,8.4406817215,4.9974100001,1369
19678,152546,86518,-2.2600209457,8.4406817215,4.9974100001,1370
19689,152514,86546,-2.2600209457,8.4406817215,4.9974100001,1371
19724,152505,86533,-2.2600209457,8.4406817215,4.9974100001,1372
19763,152526,86532,-2.2600209457,8.4406817215,4.9974100001,1373
19798,152550,86535,-2.2600209457,8.4406817215,4.9974100001,1374
19821,152556,86535,-2.2600209457,8.4406817215,4.9974100001,1375
19843,152579,86539,-2.2600209457,8.4406817215,4.9974100001,1376
19864,152584,86550,-2.2600209457,8.4406817215,4.9974100001,1377
19890,152604,86537,-2.2600209457,8.4406817215,4.9974100001,1378
19913,152639,86543,-2.2600209457,8.4406817215,4.9974100001,1379
19936,152648,86543,-2.2600209457,8.4406817215,4.9974100001,1380
19971,152662,86554,-2.2600209457,8.4406817215,4.9974100001,1381
19999,152682,86552,-2.2600209457,8.4406817215,4.9974100001,1382
20041,152689,86555,-2.2600209457,8.4406817215,4.9974100001,1383
20057,152710,86532,-2.2600209457,8.4406817215,4.9974100001,1384
20076,152727,86541,-2.2600209457,8.4406817215,4.9974100001,1385
20037,152687,86531,-2.2600209457,8.4406817215,4.9974100001,1386
19939,152645,86518,-2.2600209457,8.4406817215,4.9974100001,1387
19832,152593,86549,-2.2600209457,8.4406817215,4.9974100001,1388
19764,152535,86529,-2.2600209457,8.4406817215,4.9974100001,1389
19727,152504,86536,-2.2600209457,8.4406817215,4.9974100001,1390
19711,152455,86517,-2.2600209457,8.4406817215,4.9974100001,1391
19725,152445,86468,-2.2600209457,8.4406817215,4.9974100001,1392
19738,152402,86464,-2.2600209457,8.4406817215,4.9974100001,1393
19747,152377,86461,-2.2600209457,8.4406817215,4.9974100001,1394
19748,152419,86479,-2.2600209457,8.4406817215,4.9974100001,1395
19753,152411,86498,-2.2600209457,8.4406817215,4.9974100001,1396
19764,152426,86514,-2.2600209457,8.4406817215,4.9974100001,1397
19774,152409,86507,-2.2600209457,8.4406817215,4.9974100001,1398
19789,152423,86482,-2.2600209457,8.4406817215,4.9974100001,1399
19806,152396,86465,-2.2600209457,8.4406817215,4.9974100001,1400
19823,152435,86469,-2.2600209457,8.4406817215,4.9974100001,1401
19846,152474,86471,-2.2600209457,8.4406817215,4.9974100001,1402
19457,152208,86441,-2.3341984463,8.4012001486,4.8287160068,1403
19500,152225,86424,-2.3341984463,8.4012001486,4.8287160068,1404
19500,152227,86429,-2.3341984463,8.4012001486,4.8287160068,1405
19425,152177,86407,-2.3341984463,8.4012001486,4.8287160068,1406
19314,152107,86404,-2.3341984463,8.4012001486,4.8287160068,1407
19237,152078,86401,-2.3341984463,8.4012001486,4.8287160068,1408
19208,152040,86404,-2.3341984463,8.4012001486,4.8287160068,1409
19222,152043,86395,-2.3341984463,8.4012001486,4.8287160068,1410
19265,152080,86403,-2.3341984463,8.4012001486,4.8287160068,1411
19313,152084,86408,-2.3341984463,8.4012001486,4.8287160068,1412
19356,152131,86409,-2.3341984463,8.4012001486,4.8287160068,1413
19384,152128,86423,-2.3341984463,8.4012001486,4.8287160068,1414
19404,152143,86413,-2.3341984463,8.4012001486,4.8287160068,1415
19435,152165,86424,-2.3341984463,8.4012001486,4.8287160068,1416
19465,152184,86428,-2.3341984463,8.4012001486,4.8287160068,1417
19501,152225,86427,-2.3341984463,8.4012001486,4.8287160068,1418
19549,152249,86442,-2.3341984463,8.4012001486,4.8287160068,1419
19589,152300,86464,-2.3341984463,8.4012001486,4.8287160068,1420
19640,152333,86458,-2.3341984463,8.4012001486,4.8287160068,1421
19685,152354,86473,-2.3341984463,8.4012001486,4.8287160068,1422
19708,152382,86464,-2.3341984463,8.4012001486,4.8287160068,1423
19653,152336,86464,-2.3341984463,8.4012001486,4.8287160068,1424
19553,152280,86449,-2.3341984463,8.4012001486,4.8287160068,1425
19491,152233,86447,-2.3341984463,8.4012001486,4.8287160068,1426
19466,152223,86441,-2.3341984463,8.4012001486,4.8287160068,1427
19473,152238,86448,-2.3341984463,8.4012001486,4.8287160068,1428
19517,152255,86448,-2.3341984463,8.4012001486,4.8287160068,1429
19559,152269,86468,-2.3341984463,8.4012001486,4.8287160068,1430
19599,152265,86458,-2.3341984463,8.4012001486,4.8287160068,1431
19636,152316,86463,-2.3341984463,8.4012001486,4.8287160068,1432
19661,152326,86461,-2.3341984463,8.4012001486,4.8287160068,1433
19685,152318,86465,-2.3341984463,8.4012001486,4.8287160068,1434
19708,152340,86452,-2.3341984463,8.4012001486,4.8287160068,1435
19733,152347,86469,-2.3341984463,8.4012001486,4.8287160068,1436
19770,152379,86471,-2.3341984463,8.4012001486,4.8287160068,1437
19807,152396,86477,-2.3341984463,8.4012001486,4.8287160068,1438
19846,152412,86486,-2.3341984463,8.4012001486,4.8287160068,1439
19887,152422,86469,-2.3341984463,8.4012001486,4.8287160068,1440
19905,152456,86462,-2.3341984463,8.4012001486,4.8287160068,1441
19871,152419,86473,-2.3341984463,8.4012001486,4.8287160068,1442
19783,152357,86475,-2.3341984463,8.4012001486,4.8287160068,1443
19715,152317,86471,-2.3341984463,8.4012001486,4.8287160068,1444
19835,152384,86486,-2.2660030021999997,8.3928252695,4.9088755639,1445
19863,152385,86492,-2.2660030021999997,8.3928252695,4.9088755639,1446
19867,152359,86488,-2.2660030021999997,8.3928252695,4.9088755639,1447
19879,152404,86486,-2.2660030021999997,8.3928252695,4.9088755639,1448
19888,152401,86484,-2.2660030021999997,8.3928252695,4.9088755639,1449
19900,152414,86488,-2.2660030021999997,8.3928252695,4.9088755639,1450
19917,152424,86493,-2.2660030021999997,8.3928252695,4.9088755639,1451
19945,152462,86493,-2.2660030021999997,8.3928252695,4.9088755639,1452
19963,152472,86496,-2.2660030021999997,8.3928252695,4.9088755639,1453
19989,152496,86500,-2.2660030021999997,8.3928252695,4.9088755639,1454
20018,152514,86502,-2.2660030021999997,8.3928252695,4.9088755639,1455
20031,152513,86506,-2.2660030021999997,8.3928252695,4.9088755639,1456
20027,152539,86506,-2.2660030021999997,8.3928252695,4.9088755639,1457
19953,152476,86514,-2.2660030021999997,8.3928252695,4.9088755639,1458
19802,152413,86500,-2.2660030021999997,8.3928252695,4.9088755639,1459
19680,152374,86492,-2.2660030021999997,8.3928252695,4.9088755639,1460
19598,152317,86464,-2.2660030021999997,8.3928252695,4.9088755639,1461
19554,152298,86462,-2.2660030021999997,8.3928252695,4.9088755639,1462
19553,152292,86468,-2.2660030021999997,8.3928252695,4.9088755639,1463
19563,152316,86478,-2.2660030021999997,8.3928252695,4.9088755639,1464
19585,152291,86474,-2.2660030021999997,8.3928252695,4.9088755639,1465
19598,152292,86449,-2.2660030021999997,8.3928252695,4.9088755639,1466
19585,152295,86467,-2.2660030021999997,8.3928252695,4.9088755639,1467
19584,152274,86455,-2.2660030021999997,8.3928252695,4.9088755639,1468
19589,152299,86456,-2.2660030021999997,8.3928252695,4.9088755639,1469
19595,152311,86471,-2.2660030021999997,8.3928252695,4.9088755639,1470
19613,152319,86463,-2.2660030021999997,8.3928252695,4.9088755639,1471
19630,152325,86465,-2.2660030021999997,8.3928252695,4.9088755639,1472
19649,152369,86471,-2.2660030021999997,8.3928252695,4.9088755639,1473
19674,152369,86455,-2.2660030021999997,8.3928252695,4.9088755639,1474
19694,152366,86466,-2.2660030021999997,8.3928252695,4.9088755639,1475
19715,152408,86477,-2.2660030021999997,8.3928252695,4.9088755639,1476
19734,152429,86477,-2.2660030021999997,8.3928252695,4.9088755639,1477
19749,152448,86461,-2.2660030021999997,8.3928252695,4.9088755639,1478
19726,152432,86470,-2.2660030021999997,8.3928252695,4.9088755639,1479
19609,152397,86458,-2.2660030021999997,8.3928252695,4.9088755639,1480
19438,152297,86452,-2.2660030021999997,8.3928252695,4.9088755639,1481
19301,152223,86427,-2.2660030021999997,8.3928252695,4.9088755639,1482
19228,152183,86420,-2.2660030021999997,8.3928252695,4.9088755639,1483
19201,152130,86423,-2.2660030021999997,8.3928252695,4.9088755639,1484
19211,152135,86412,-2.2660030021999997,8.3928252695,4.9088755639,1485
19241,152161,86430,-2.2660030021999997,8.3928252695,4.9088755639,1486
19177,152133,86428,-2.3330020350000003,8.2564343813,4.9076791526,1487
19208,152149,86407,-2.3330020350000003,8.2564343813,4.9076791526,1488
19232,152140,86408,-2.3330020350000003,8.2564343813,4.9076791526,1489
19249,152168,86412,-2.3330020350000003,8.2564343813,4.9076791526,1490
19258,152153,86414,-2.3330020350000003,8.2564343813,4.9076791526,1491
19278,152172,86408,-2.3330020350000003,8.2564343813,4.9076791526,1492
19304,152197,86424,-2.3330020350000003,8.2564343813,4.9076791526,1493
19333,152203,86417,-2.3330020350000003,8.2564343813,4.9076791526,1494
19363,152206,86431,-2.3330020350000003,8.2564343813,4.9076791526,1495
19399,152257,86431,-2.3330020350000003,8.2564343813,4.9076791526,1496
19431,152279,86418,-2.3330020350000003,8.2564343813,4.9076791526,1497
19462,152290,86429,-2.3330020350000003,8.2564343813,4.9076791526,1498
19492,152292,86462,-2.3330020350000003,8.2564343813,4.9076791526,1499
19526,152320,86450,-2.3330020350000003,8.2564343813,4.9076791526,1500
19557,152363,86434,-2.3330020350000003,8.2564343813,4.9076791526,1501
19575,152355,86457,-2.3330020350000003,8.2564343813,4.9076791526,1502
19561,152359,86440,-2.3330020350000003,8.2564343813,4.9076791526,1503
19455,152294,86447,-2.3330020350000003,8.2564343813,4.9076791526,1504
19309,152192,86431,-2.3330020350000003,8.2564343813,4.9076791526,1505
19206,152144,86409,-2.3330020350000003,8.2564343813,4.9076791526,1506
19165,152109,86407,-2.3330020350000003,8.2564343813,4.9076791526,1507
19166,152113,86394,-2.3330020350000003,8.2564343813,4.9076791526,1508
19195,152127,86399,-2.3330020350000003,8.2564343813,4.9076791526,1509
19246,152137,86406,-2.3330020350000003,8.2564343813,4.9076791526,1510
19275,152158,86399,-2.3330020350000003,8.2564343813,4.9076791526,1511
19297,152144,86406,-2.3330020350000003,8.2564343813,4.9076791526,1512
19312,152140,86391,-2.3330020350000003,8.2564343813,4.9076791526,1513
19323,152147,86404,-2.3330020350000003,8.2564343813,4.9076791526,1514
19347,152151,86396,-2.3330020350000003,8.2564343813,4.9076791526,1515
19366,152158,86399,-2.3330020350000003,8.2564343813,4.9076791526,1516
19393,152147,86403,-2.3330020350000003,8.2564343813,4.9076791526,1517
19424,152189,86402,-2.3330020350000003,8.2564343813,4.9076791526,1518
